gouvernorat,delegation,delegation_id,stored_lat,stored_lng,google_lat,google_lng,distance_km,status,google_address
Tunis,La Marsa,386,36.8783,10.3247,36.889117,10.322267,1.22,OK,"Marsa, Tunisie"
Tunis,Carthage,387,36.8528,10.33,36.862585,10.332949,1.12,OK,"Carthage, Tunisie"
Tunis,La Goulette,388,36.8181,10.305,36.82002,10.302084,0.34,OK,"La Goulette, Tunisie"
Tunis,Cite El Khadhra,389,36.83,10.165,36.830474,10.196942,2.84,OK,"Cité El Khadra, Tunis, Tunisie"
Tunis,El Menzah,390,36.84,10.18,36.845235,10.164723,1.48,OK,"El Menzah, Tunisie"
Tunis,Omrane,391,36.82,10.155,36.821985,10.15632,0.25,OK,"El Omrane, Tunis, Tunisie"
Tunis,Omrane Superieur,392,36.825,10.15,36.835044,10.128316,2.23,OK,"El Omrane supérieur, Tunis, Tunisie"
Tunis,Ettahrir,393,36.805,10.16,36.824389,10.128316,3.55,OK,"Ettahrir, Tunisie"
Tunis,Bardo,394,36.8092,10.1364,36.808403,10.128316,0.73,OK,"Le Bardo, Tunisie"
Tunis,Bab Souika,395,36.8083,10.17,36.804551,10.165424,0.58,OK,"Bab Souika, Tunis, Tunisie"
Tunis,Ezzouhour,396,36.81,10.145,36.796657,10.133216,1.82,OK,"Ezzouhour, Tunis, Tunisie"
Tunis,El Hrairia,397,36.795,10.135,36.789015,10.121317,1.39,OK,"El-Hrairia, Tunis, Tunisie"
Tunis,Sidi Hassine,398,36.775,10.105,36.757673,10.109914,1.98,OK,سيدي حسين، Tunisie
Tunis,El Ouardia,399,36.785,10.15,36.771608,10.184333,3.4,OK,"El Ouardia, Tunis, Tunisie"
Tunis,El Kabaria,400,36.77,10.16,36.747372,10.187135,3.49,OK,"Kabbaria, Tunisie"
Tunis,Jebel Jelloud,401,36.76,10.175,36.764343,10.20675,2.87,OK,"Djebel Jelloud, Tunis, Tunisie"
Tunis,Sidi El Bechir,402,36.79,10.17,36.792686,10.17943,0.89,OK,"Sidi El Bechir, Tunis, Tunisie"
Tunis,La Medina,403,36.7986,10.17,36.798013,10.171726,0.17,OK,"La Medina, Tunis, Tunisie"
Tunis,Bab Bhar,404,36.795,10.175,36.796925,10.176629,0.26,OK,"Bab Bhar, Tunis, Tunisie"
Tunis,Sijoumi,405,36.79,10.12,36.793647,10.160522,3.63,OK,"Sijoumi, Tunis, Tunisie"
Tunis,Le Kram,406,36.835,10.31,36.83332,10.317516,0.69,OK,"Le Kram, Tunisie"
Tunis,Tunis,615,36.8065,10.1815,36.806495,10.181532,0.0,OK,"Tunis, Tunisie"
Zaghouan,Zeriba,409,36.32,10.25,36.299718,10.269126,2.83,OK,"Zriba Village, Tunisie"
Zaghouan,Bir Mcherga,410,36.5187,9.9549,36.5187,9.95489,0.0,OK,"Bir Mcherga, Tunisie"
Zaghouan,El Fahs,411,36.37,9.91,36.380006,9.908135,1.13,OK,"El Fahs, Tunisie"
Zaghouan,Nadhour,412,36.1238,10.0932,36.12379,10.093151,0.0,OK,"Nadhour, Tunisie"
Zaghouan,Saouaf,413,36.2273,10.1725,36.22731,10.172546,0.0,OK,"Saouaf, Tunisie"
Zaghouan,Zaghouan,616,36.4029,10.1429,36.409119,10.142317,0.69,OK,"Zaghouan, Tunisie"
Siliana,Kesra,414,35.8141,9.3652,35.814073,9.365227,0.0,OK,"Kesra, Tunisie"
Siliana,Makther,415,35.8593,9.2023,35.859279,9.20235,0.01,OK,"Makthar, Tunisie"
Siliana,Rouhia,416,35.6978,9.1456,35.697777,9.145615,0.0,OK,"Rouhia, Tunisie"
Siliana,Bargou,417,36.09,9.53,36.093948,9.57013,3.63,OK,"Bargou, Tunisie"
Siliana,Gaafour,418,36.32,9.33,36.32432,9.321884,0.87,OK,"Gaâfour, Tunisie"
Siliana,El Aroussa,419,36.3787,9.4506,36.37867,9.450643,0.01,OK,"El Aroussa, Tunisie"
Siliana,Bouarada,420,36.3475,9.6258,36.34753,9.625784,0.0,OK,"Bou Arada, Tunisie"
Siliana,Le Krib,421,36.3292,9.1334,36.329189,9.133385,0.0,OK,"Le Krib, Al Karib, Tunisie"
Siliana,Sidi Bou Rouis,422,36.1772,9.1262,36.177213,9.126246,0.0,OK,"Sidi Bou Rouis, Tunisie"
Siliana,Siliana,617,36.0849,9.3708,36.088721,9.364534,0.71,OK,"Siliana, Tunisie"
Mahdia,Ksour Essef,423,35.43,10.99,35.417571,10.997658,1.55,OK,"Ksour Essef, Tunisie"
Mahdia,Chebba,424,35.235,11.115,35.23369,11.110785,0.41,OK,"La Chebba, Tunisie"
Mahdia,Malloulech,425,35.17,10.98,35.164991,11.031582,4.72,OK,"Melloulech, Tunisie"
Mahdia,Sidi Alouane,426,35.377,10.9383,35.376958,10.938319,0.0,OK,"Sidi Alouane, Tunisie"
Mahdia,Boumerdes,427,35.46,10.74,35.448052,10.721059,2.17,OK,"Boumerdes, Tunisie"
Mahdia,Souassi,428,35.3445,10.5488,35.344497,10.548774,0.0,OK,"Essouassi, Tunisie"
Mahdia,Chorbane,429,35.2849,10.3863,35.284949,10.386287,0.01,OK,"Chorbane, Tunisie"
Mahdia,Hbira,430,35.168,10.2292,35.167955,10.229173,0.01,OK,"Hebira, Tunisie"
Mahdia,Ouled Chamekh,431,35.4915,10.3189,35.49147,10.318919,0.0,OK,"Ouled Chamekh, Tunisie"
Mahdia,Mahdia,618,35.5047,11.0622,35.502446,11.045721,1.51,OK,"Mahdia, Tunisie"
Mahdia,El Jem,619,35.3,10.71,35.292334,10.704151,1.0,OK,"El Jem, Tunisie"
Mahdia,Rejiche,1084,35.48,11.03,35.465584,11.041659,1.92,OK,"Rejiche, Tunisie"
Gabes,Gabes,620,33.8815,10.0982,33.888077,10.097522,0.73,OK,"Gabès, Tunisie"
Gabes,Ghannouch,1019,33.92,10.06,33.943053,10.066739,2.64,OK,"Ghannouch, Tunisie"
Gabes,Mareth,1020,33.63,10.24,33.629009,10.288058,4.45,OK,"Mareth, Tunisie"
Gabes,Menzel Habib,1021,34.2298,9.5974,34.229824,9.597421,0.0,OK,"Menzel Habib, Tunisie"
Gabes,Matmata,1022,33.4552,9.7679,33.455206,9.767869,0.0,OK,"Matmata, Tunisie"
Gabes,Matmata Nouvelle,1023,33.67,9.99,33.665286,10.016389,2.5,OK,"Nouvelle Matmata, Tunisie"
Gabes,El Hamma,1024,33.89,9.75,33.885924,9.795095,4.19,OK,"El Hamma, Tunisie"
Gabes,Metouia,1025,33.96,9.99,33.958789,10.001994,1.11,OK,"Métouia, Tunisie"
Sousse,Bouficha,433,36.29,10.44,36.299034,10.453706,1.59,OK,"Bouficha, Tunisie"
Sousse,Enfida,434,36.16,10.39,36.133992,10.378049,3.08,OK,"Enfidha, Tunisie"
Sousse,Hergla,435,36.0253,10.5039,36.031411,10.504303,0.68,OK,"Hergla, Tunisie"
Sousse,Sidi Bouali,436,35.95,10.5,35.958535,10.47619,2.34,OK,"Sidi Bou Ali, Tunisie"
Sousse,Akouda,437,35.865,10.585,35.874674,10.571809,1.6,OK,"Akouda, Tunisie"
Sousse,Hammam Sousse,438,35.86,10.605,35.886399,10.591507,3.18,OK,"Hammam Sousse, Tunisie"
Sousse,Kalaa Kebira,439,35.875,10.535,35.869824,10.535237,0.58,OK,"Kalâa Kebira, Tunisie"
Sousse,Msaken,440,35.73,10.58,35.732791,10.575135,0.54,OK,"M'saken, Tunisie"
Sousse,Sidi Elheni,441,35.6792,10.3231,35.67917,10.323128,0.0,OK,"Sidi El Héni, Tunisie"
Sousse,Koundar,442,35.8245,10.6346,35.824503,10.634584,0.0,OK,"Sousse, Tunisie"
Sousse,Kalaa Seghira,443,35.805,10.575,35.821756,10.560554,2.27,OK,"Kalâa Seghira, Tunisie"
Sousse,Sousse,621,35.8254,10.6369,35.824503,10.634584,0.23,OK,"Sousse, Tunisie"
Ben Arous,Mornag,444,36.68,10.27,36.679586,10.287956,1.6,OK,"Mornag, Tunisie"
Ben Arous,Mohamedia,445,36.72,10.16,36.675561,10.15352,4.98,OK,"Mohammedia, Tunisie"
Ben Arous,Fouchana,446,36.71,10.16,36.69595,10.164723,1.62,OK,"Fouchana, Tunisie"
Ben Arous,El Mourouj,447,36.7333,10.1833,36.713434,10.209552,3.22,OK,"El Mourouj, Tunisie"
Ben Arous,Megrine,448,36.7683,10.235,36.77549,10.231976,0.84,OK,"Megrine, Tunisie"
Ben Arous,Rades,449,36.7683,10.275,36.771598,10.276839,0.4,OK,"Radès, Tunisie"
Ben Arous,Ezzahra,450,36.7464,10.3089,36.744922,10.307695,0.2,OK,"Ez Zahra, Tunisie"
Ben Arous,Hammam Lif,451,36.7333,10.3333,36.723072,10.344176,1.49,OK,"Hammam Lif, Tunisie"
Ben Arous,Hammam Chatt,452,36.7383,10.345,36.718193,10.36944,3.12,OK,"Hammam Chatt, Hammam Lif, Tunisie"
Ben Arous,Boumhel Bassatine,453,36.727,10.2993,36.726991,10.299279,0.0,OK,"Boumhel El Bassatine, Tunisie"
Ben Arous,Medina Jedida,454,36.725,10.205,36.744953,10.245993,4.27,OK,"Nouvelle Médina, Ben Arous, Tunisie"
Ben Arous,Ben Arous,622,36.7533,10.2282,36.7435,10.231976,1.14,OK,"Ben Arous, Tunisie"
Nabeul,Kelibia,455,36.8461,11.0942,36.84616,11.099467,0.47,OK,"Kélibia, Tunisie"
Nabeul,Menzel Temime,456,36.78,11.01,36.782291,10.986353,2.12,OK,"Menzel Temime, Tunisie"
Nabeul,El Mida,457,36.728,10.8536,36.728017,10.853613,0.0,OK,"El Mida, Tunisie"
Nabeul,Menzel Bouzelfa,458,36.685,10.58,36.683266,10.583064,0.33,OK,"Menzel Bou Zelfa, Tunisie"
Nabeul,Korba,459,36.58,10.86,36.580607,10.86208,0.2,OK,"Korba, Tunisie"
Nabeul,Beni Khiar,460,36.46,10.78,36.469293,10.781003,1.04,OK,"Beni Khiar, Tunisie"
Nabeul,Hammamet,461,36.404,10.612,36.407257,10.622471,1.0,OK,"Hammamet, Tunisie"
Nabeul,Takelsa,462,36.78,10.62,36.792339,10.629509,1.61,OK,"Takilsa, Tunisie"
Nabeul,Bou Argoub,463,36.55,10.55,36.530796,10.552309,2.15,OK,"Bou Argoub, Tunisie"
Nabeul,Grombalia,464,36.6039,10.5058,36.602483,10.501491,0.42,OK,"Grombalia, Tunisie"
Nabeul,Slimane,465,36.7067,10.4875,36.696621,10.493056,1.23,OK,"Soliman, Tunisie"
Nabeul,El Haouaria,466,37.05,11.01,37.049787,11.011581,0.14,OK,"El Haouaria, Tunisie"
Nabeul,Beni Khalled,467,36.65,10.58,36.647836,10.591507,1.05,OK,"Béni Khalled, Tunisie"
Nabeul,Dar Chaabane Elfehri,468,36.46,10.76,36.459014,10.752408,0.69,OK,"El Fehri, Dar Chaabane Al Fehri, Tunisie"
Nabeul,Hammam Ghezaz,469,36.9402,11.0599,36.940195,11.059862,0.0,OK,"Hammam Ghezèze, Tunisie"
Nabeul,Nabeul,623,36.4561,10.7376,36.451289,10.735663,0.56,OK,"Nabeul‎, Tunisie"
Tataouine,Dehiba,470,32.0134,10.6957,32.013449,10.695698,0.01,OK,"Dehiba, Tunisie"
Tataouine,Remada,471,32.32,10.39,32.316039,10.400328,1.07,OK,"Remada, Tunisie"
Tataouine,Smar,472,32.9955,10.8246,32.995529,10.824593,0.0,OK,"Samar, Tunisie"
Tataouine,Ghomrassen,473,33.06,10.34,33.058951,10.336282,0.37,OK,"Ghomrassen, Tunisie"
Tataouine,Bir Lahmar,474,33.1791,10.4418,33.179136,10.441791,0.0,OK,بئر الأحمر، Tunisie
Tataouine,Borj El Khadra,475,30.2518,9.5548,30.251763,9.554831,0.01,OK,"Borj el-Khadra, Tunisie"
Tataouine,El Borma,476,31.688,9.219,31.700707,9.256465,3.82,OK,"8F3FP724+8H Aéroport D'El Borma, El Borma, Tunisie"
Tataouine,Tataouine,624,32.9297,10.4518,32.92109,10.450896,0.96,OK,"Tataouine, Tunisie"
Tataouine,Bni Mhira,1524,32.868,10.8113,32.867952,10.811288,0.01,OK,"Beni M'hira, Tunisie"
Tozeur,Nefta,477,33.87,7.88,33.870875,7.878974,0.14,OK,"Nefta, Tunisie"
Tozeur,Degueche,478,33.97,8.22,33.985943,8.218888,1.78,OK,"Dgueche, Tunisie"
Tozeur,Hazoua,479,33.764,7.63,33.734915,7.590791,4.86,OK,"Hazoua, Taleb Larbi, Tunisie"
Tozeur,Tameghza,480,34.2087,7.9157,34.208695,7.91571,0.0,OK,"Tamerza, Tunisie"
Tozeur,Hammat Al Jarid,481,33.9991,8.1612,33.999062,8.16117,0.01,OK,"El Hamma du Jerid, Tunisie"
Tozeur,Tozeur,625,33.9197,8.1335,33.918534,8.122933,0.98,OK,"Tozeur, Tunisie"
Medenine,Ben Guerdene,488,33.17,11.22,33.143189,11.218378,2.99,OK,"Ben Gardane, Tunisie"
Medenine,Beni Khedach,489,33.2452,10.2011,33.245218,10.201145,0.0,OK,"Beni Khedache, Tunisie"
Medenine,Zarzis,490,33.5033,11.1117,33.504103,11.088149,2.19,OK,"Zarzis, Tunisie"
Medenine,Djerba El May,491,33.8016,10.8818,33.801584,10.88184,0.0,OK,"El May, Tunisie"
Medenine,Djerba Midoun,492,33.81,11.01,33.821572,10.997658,1.72,OK,"Djerba Midun, Tunisie"
Medenine,Djerba Ajim,493,33.7323,10.7605,33.732254,10.760524,0.01,OK,"Ajim, Tunisie"
Medenine,Djerba Houmt Souk,494,33.875,10.8575,33.875969,10.857283,0.11,OK,"Houmt Souk, Tunisie"
Medenine,Arram,495,33.3399,10.4959,33.339922,10.495868,0.0,OK,"Médenine, Tunisie"
Medenine,Sidi Makhlouf,496,33.5021,10.479,33.502145,10.479001,0.0,OK,"Sidi Makhlouf, Tunisie"
Medenine,Medenine,626,33.3399,10.5055,33.339922,10.495868,0.89,OK,"Médenine, Tunisie"
Jendouba,Tabarka,497,36.9514,8.7581,36.95465,8.757419,0.37,OK,"Tabarka, Tunisie"
Jendouba,Ain Drahem,498,36.79,8.68,36.773645,8.684815,1.87,OK,"Ain Draham, Tunisie"
Jendouba,Bou Salem,499,36.62,8.97,36.612553,8.977138,1.04,OK,"Bou Salem, Tunisie"
Jendouba,Oued Mliz,500,36.4539,8.5501,36.453876,8.550128,0.0,OK,"Oued Meliz, Tunisie"
Jendouba,Ghardimaou,501,36.45,8.45,36.450654,8.442625,0.66,OK,"Ghardimaou, Tunisie"
Jendouba,Fernana,502,36.66,8.7,36.661287,8.684815,1.36,OK,"Fernana, Tunisie"
Jendouba,Balta Bou Aouane,503,36.6853,8.9025,36.685303,8.90246,0.0,OK,"Balta Bou Aouane, Tunisie"
Jendouba,Jendouba,627,36.5012,8.7802,36.507226,8.775656,0.78,OK,"Jendouba, Tunisie"
Sidi Bouzid,Regueb,504,34.8586,9.7846,34.858561,9.7846,0.0,OK,"Regueb, Tunisie"
Sidi Bouzid,Meknassi,505,34.6,9.6,34.605163,9.606192,0.81,OK,"Meknassy, Tunisie"
Sidi Bouzid,Jelma,506,35.2697,9.4187,35.269737,9.418718,0.0,OK,"Jilma, Tunisie"
Sidi Bouzid,Sabbalet Ouled Asker,507,35.1789,9.277,35.178886,9.277033,0.0,OK,"Cebbala Ouled Asker, Tunisie"
Sidi Bouzid,Bir El Hafey,508,34.9322,9.1961,34.932195,9.196105,0.0,OK,"Bir El Haffey, Tunisie"
Sidi Bouzid,Sidi Ali Ben Aoun,509,34.8526,9.1445,34.852562,9.144536,0.01,OK,"Sidi Ali Ben Aoun, Tunisie"
Sidi Bouzid,Menzel Bouzayane,510,34.6308,9.4117,34.630788,9.41172,0.0,OK,"Menzel Bouzaiene, Tunisie"
Sidi Bouzid,Mezouna,511,34.5774,9.8432,34.577386,9.843187,0.0,OK,"Mezzouna, Tunisie"
Sidi Bouzid,Ouled Haffouz,512,35.082,9.8725,35.081994,9.872495,0.0,OK,"Ouled Haffouz, Tunisie"
Sidi Bouzid,Souk Jedid,513,34.9419,9.5618,34.941948,9.561785,0.01,OK,"Souk Jedid, Tunisie"
Sidi Bouzid,Sidi Bouzid,628,35.0382,9.4849,35.035439,9.483939,0.32,OK,"Sidi Bouzid, Tunisie"
Sidi Bouzid,Hichria,1522,34.8293,9.377,34.829301,9.377021,0.0,OK,"Hichria, Tunisie"
Béja,Nefza,514,36.97,9.07,36.977662,9.077844,1.1,OK,"Nefza, Tunisie"
Béja,Amdoun,515,36.7686,9.0895,36.768582,9.089457,0.0,OK,"Amdoun, Tunisie"
Béja,Tibar,516,36.5301,9.1124,36.530138,9.112414,0.0,OK,"Tibar, Tunisie"
Béja,Testour,517,36.55,9.44,36.5499,9.442266,0.2,OK,"Testour, Tunisie"
Béja,Teboursouk,518,36.46,9.24,36.459236,9.247075,0.64,OK,"Téboursouk, Tunisie"
Béja,Goubellat,519,36.54,9.68,36.542694,9.664764,1.39,OK,"Goubellat, Tunisie"
Béja,Mejez El Bab,520,36.64,9.61,36.648412,9.61465,1.02,OK,"Majaz Al Bab, Tunisie"
Béja,Beja,629,36.7256,9.1817,36.733319,9.184368,0.89,OK,"Béja, Tunisie"
Kairouan,Sebikha,521,35.9329,10.022,35.932904,10.021982,0.0,OK,"Sbikha, Tunisie"
Kairouan,Chebika,522,35.6181,9.9256,35.61812,9.925554,0.0,OK,"Chebika, Tunisie"
Kairouan,Haffouz,523,35.63,9.68,35.637185,9.675904,0.88,OK,"Haffuz, Tunisie"
Kairouan,El Alaa ,524,35.6136,9.5646,35.613619,9.564566,0.0,OK,"El Alâa, Tunisie"
Kairouan,Oueslatia,525,35.84,9.58,35.84678,9.588304,1.06,OK,"Oueslatia, Tunisie"
Kairouan,Hajeb El Ayoun,526,35.39,9.57,35.395191,9.543105,2.51,OK,"Hajeb El Ayoun, Tunisie"
Kairouan,Nasrallah,527,35.3562,9.8292,35.356237,9.829234,0.01,OK,"Nasr Allah, Tunisie"
Kairouan,Bou Hajla,528,35.3982,10.0508,35.398234,10.050787,0.0,OK,"Sidi Amor Bou Hadjila, Tunisie"
Kairouan,Chrarda,529,35.1179,10.0318,35.117878,10.031771,0.0,OK,"Echrarda, Tunisie"
Kairouan,Kairouan,630,35.6781,10.0963,35.671166,10.100547,0.86,OK,"Kairouan, Tunisie"
Ariana,Kalaat El Andalous  ,530,37.0625,10.1183,37.06246,10.118316,0.0,OK,"Kalâat el-Andalous, Tunisie"
Ariana,Raoued,531,36.9562,10.2168,36.956181,10.216781,0.0,OK,"Raoued, Tunisie"
Ariana,Soukra,532,36.8791,10.2656,36.879104,10.265621,0.0,OK,"La Soukra, Tunisie"
Ariana,Mnihla,533,36.8607,10.1087,36.860692,10.108719,0.0,OK,"Mnihla, Tunisie"
Ariana,Attadhamon,534,36.84,10.16,36.866537,10.164723,2.98,OK,"Ariana, Tunisie"
Ariana,Sidi Thabet,535,36.9086,10.0426,36.908624,10.042586,0.0,OK,"Sidi Thabet, Tunisie"
Ariana,Ariana,631,36.8625,10.1956,36.866537,10.164723,2.78,OK,"Ariana, Tunisie"
Sfax,Jebiniana,536,35.035,10.9073,35.034987,10.907252,0.0,OK,"Jebeniana, Tunisie"
Sfax,Mahres,537,34.52,10.52,34.525923,10.490245,2.8,OK,"Mahares, Tunisie"
Sfax,Bir Ali Ben Khelifa,538,34.7406,10.0959,34.740579,10.09593,0.0,OK,"Bir Ali Ben Khalifa, Tunisie"
Sfax,Ghraiba,539,34.4961,10.2138,34.496065,10.213757,0.01,OK,"Graïba, Tunisie"
Sfax,Agareb,540,34.7421,10.5275,34.74213,10.527543,0.01,OK,"Agareb, Tunisie"
Sfax,El Hencha,541,35.1228,10.7416,35.12285,10.741608,0.01,OK,"El Hencha, Tunisie"
Sfax,Menzel Chaker,542,34.9877,10.3947,34.987707,10.394712,0.0,OK,"Menzel Chaker, Tunisie"
Sfax,Kerkennah El Attaya,543,34.7445,11.2963,34.744474,11.296315,0.0,OK,"El Attaya, Tunisie"
Sfax,Kerkennah Mellita,544,34.7398,10.76,34.739822,10.76002,0.0,OK,"Sfax, Tunisie"
Sfax,El Amra,545,34.984,10.8988,34.984047,10.89878,0.01,OK,"El Amra, Tunisie"
Sfax,Skhira,546,34.28,10.07,34.297661,10.074853,2.01,OK,"Skhira, Tunisie"
Sfax,Sakiet Ezzit,547,34.76,10.76,34.802389,10.761288,4.71,OK,"Sakiet Ezzit, Tunisie"
Sfax,Sakiet Eddaier,548,34.7955,10.7831,34.795474,10.783083,0.0,OK,"Sakiet Eddaier, Tunisie"
Sfax,Tina,549,34.688,10.7075,34.687975,10.707544,0.0,OK,"Thyna, Tunisie"
Sfax,Sfax,632,34.7406,10.7603,34.739822,10.76002,0.09,OK,"Sfax, Tunisie"
Manouba,Jedaida,550,36.8546,9.9297,36.85456,9.929744,0.01,OK,"Djedeida, Tunisie"
Manouba,El Battan,551,36.7862,9.7902,36.786228,9.790178,0.0,OK,"El Batan, Tunisie"
Manouba,Borj El Amri,552,36.7119,9.8823,36.711866,9.882267,0.0,OK,"Borj El Amri, Tunisie"
Manouba,Oued Ellil,553,36.83,10.08,36.842686,10.038763,3.93,OK,"Oued Ellil, Tunisie"
Manouba,Douar Hicher,554,36.82,10.105,36.821934,10.094723,0.94,OK,"Douar Hicher, Tunisie"
Manouba,Mornaguia,555,36.752,10.008,36.751998,10.008,0.0,OK,"Mornaguia, Tunisie"
Manouba,Tebourba,556,36.83,9.85,36.8302,9.841268,0.78,OK,"Tébourba, Tunisie"
Manouba,Manouba,633,36.8081,10.0863,36.809328,10.086327,0.14,OK,"Manouba, Tunisie"
Bizerte,Sejnane,557,37.06,9.24,37.059614,9.239761,0.05,OK,"Sajnan, Tunisie"
Bizerte,Joumine,558,36.9262,9.3874,36.92618,9.387429,0.0,OK,"Joumine, Tunisie"
Bizerte,Mateur,559,37.04,9.66,37.038872,9.663956,0.37,OK,"Mateur, Tunisie"
Bizerte,Ghezala,560,37.0759,9.5368,37.075884,9.536755,0.0,OK,"Ghezala, Tunisie"
Bizerte,Menzel Jemil,561,37.24,9.92,37.238125,9.918571,0.24,OK,"Menzel Jemil, Tunisie"
Bizerte,Menzel Bourguiba,562,37.16,9.79,37.143238,9.7846,1.92,OK,"Menzel Bourguiba, Tunisie"
Bizerte,Ghar El Melh,563,37.1687,10.1885,37.168687,10.188536,0.0,OK,"Ghar El Melh, Tunisie"
Bizerte,Ras Jebel,564,37.22,10.12,37.214522,10.124603,0.73,OK,"Ras Jebel, Tunisie"
Bizerte,Tinja,565,37.1634,9.7651,37.163435,9.76508,0.0,OK,"Tinja, Tinjah, Tunisie"
Bizerte,El Alia,566,37.17,10.05,37.171907,10.02687,2.06,OK,"El Alia, Tunisie"
Bizerte,Utique,567,37.0734,10.0472,37.073366,10.047155,0.01,OK,"Utique, Tunisie"
Bizerte,Zarzouna,568,37.27,9.85,37.264239,9.876756,2.45,OK,"Zarzouna, Tunisie"
Bizerte,Al Matlin ,569,37.21,10.02,37.243528,10.045146,4.34,OK,"Metline, Tunisie"
Bizerte,Zouaouine,570,37.1269,10.0569,37.126948,10.056946,0.01,OK,"Zouaouine, Tunisie"
Bizerte,Aousja,571,37.1417,10.1017,37.141689,10.101721,0.0,OK,"Aousaja, Tunisie"
Bizerte,Al Khitmin,572,37.1457,9.9926,37.145687,9.992623,0.0,OK,"Al Khitmin, Tunisie"
Bizerte,Bizerte,634,37.2744,9.8739,37.276758,9.864161,0.9,OK,"Bizerte, Tunisie"
Kasserine,Tala,573,35.583,8.6672,35.583038,8.667192,0.0,OK,"Thala, Tunisie"
Kasserine,Hidra,574,35.5646,8.4457,35.575855,8.440357,1.34,OK,"Haïdra, Tunisie"
Kasserine,Sbitla,575,35.23,9.12,35.228275,9.127621,0.72,OK,"Sbeïtla, Tunisie"
Kasserine,Sbiba,576,35.53,9.07,35.543874,9.071253,1.55,OK,"Sbiba, Tunisie"
Kasserine,Feriana,577,34.95,8.57,34.94634,8.565124,0.6,OK,"Fériana, Tunisie"
Kasserine,Foussana,578,35.3482,8.6271,35.348199,8.627099,0.0,OK,"Foussana, Tunisie"
Kasserine,El Ayoun,579,35.5341,8.8694,35.534101,8.869361,0.0,OK,"El Ayoun, Tunisie"
Kasserine,Majel Bel Abbes,580,34.7487,8.5199,34.748735,8.519925,0.0,OK,"Majel Bel Abbès, Tunisie"
Kasserine,Jedliane,581,35.1723,8.8308,35.172272,8.830763,0.0,OK,"Kasserine, Tunisie"
Kasserine,Hassi Ferid,582,34.9788,8.9524,34.978774,8.952354,0.01,OK,"Hassi El Ferid, Tunisie"
Kasserine,Kasserine,635,35.1676,8.8365,35.172272,8.830763,0.74,OK,"Kasserine, Tunisie"
Le kef,El Ksour,583,35.8876,8.8887,35.887589,8.888667,0.0,OK,"El Ksour, Tunisie"
Le kef,Le Sers,584,36.07,9.03,36.075643,9.018136,1.24,OK,"Le Sers, Tunisie"
Le kef,Jerissa,585,35.8466,8.6353,35.84663,8.63531,0.0,OK,"Jérissa, Tunisie"
Le kef,Tejerouine,586,36.003,8.5282,36.003002,8.528161,0.0,OK,"Tajerouine, Tunisie"
Le kef,Kalâa El Khasba,587,36.1811,8.713,36.181052,8.713011,0.01,OK,"13 Rue Kheireddine, Le Kef 7100, Tunisie"
Le kef,Kalaat Sinane,588,35.7669,8.341,35.766901,8.341011,0.0,OK,"Kalaat Sinan, Tunisie"
Le kef,Nebeur,589,36.2956,8.7674,36.295641,8.767393,0.0,OK,"Nebeur, Tunisie"
Le kef,Dahmani,590,35.9461,8.8308,35.946149,8.830823,0.01,OK,"Dahmani, Tunisie"
Le kef,Sakiet Sidi Youssef,591,36.22,8.36,36.222927,8.355395,0.53,OK,"Sakiet Sidi Youssef, Tunisie"
Le kef,Le Kef,636,36.1747,8.7049,36.167965,8.709579,0.86,OK,"Le Kef, Tunisie"
Le kef,Tourief,1523,36.3411,8.5858,36.341135,8.585838,0.01,OK,"Tourief, Tunisie"
Monastir,Sahline,592,35.74,10.71,35.751254,10.711646,1.26,OK,"Sahline, Tunisie"
Monastir,Ouerdanine,593,35.713,10.64,35.70871,10.678794,3.53,OK,"Ouardanine, Tunisie"
Monastir,Teboulba,594,35.67,10.96,35.641827,10.965984,3.18,OK,"Téboulba, Tunisie"
Monastir,Jammel,595,35.63,10.76,35.624504,10.758598,0.62,OK,"Jemmel, Tunisie"
Monastir,Zeramdine,596,35.61,10.72,35.573975,10.735152,4.23,OK,"Zéramdine, Tunisie"
Monastir,Beni Hassan,597,35.7643,10.8113,35.764252,10.811288,0.01,OK,"Monastir, Tunisie"
Monastir,Moknine,598,35.63,10.89,35.632401,10.895957,0.6,OK,"Moknine, Tunisie"
Monastir,Ksibet Medyouni,599,35.68,10.84,35.688546,10.842086,0.97,OK,"Ksibet El Médiouni, Tunisie"
Monastir,Sayada Lamta Bouhjar,600,35.67,10.89,35.667891,10.86208,2.53,OK,"Bou-Hjar, Tunisie"
Monastir,Bekalta,601,35.619,10.9949,35.61898,10.994858,0.0,OK,"Bekalta, Tunisie"
Monastir,Ksar Helal,602,35.65,10.88,35.645261,10.873371,0.8,OK,"Ksar Hellal, Tunisie"
Monastir,Benbla,603,35.682,10.7662,35.681971,10.766163,0.0,OK,"Bembla, Tunisie"
Monastir,Monastir,637,35.7643,10.8113,35.764252,10.811288,0.01,OK,"Monastir, Tunisie"
Gafsa,Moulares,604,34.48,8.24,34.490094,8.266053,2.64,OK,"Moularès, Tunisie"
Gafsa,Redyef,605,34.37,8.15,34.384442,8.153956,1.65,OK,"Redeyef, Tunisie"
Gafsa,Metlaoui,606,34.33,8.4,34.315781,8.401928,1.59,OK,"Métlaoui, Tunisie"
Gafsa,Mdhilla,607,34.25,8.76,34.29249,8.75087,4.8,OK,"Mdhilla, Tunisie"
Gafsa,El Ksar,608,34.349,8.7701,34.348958,8.770147,0.01,OK,"El Ksar, Tunisie"
Gafsa,Sened,609,34.5406,9.254,34.540578,9.254006,0.0,OK,"Sened, Tunisie"
Gafsa,Sidi Aich,610,34.6976,8.8142,34.697563,8.814226,0.0,OK,"Sidi Aich, Tunisie"
Gafsa,El Guettar,611,34.32,8.94,34.338698,8.949375,2.25,OK,"El Guettar, Tunisie"
Gafsa,Belkhir,612,34.3672,9.4117,34.367176,9.41172,0.0,OK,"Belkhir, Tunisie"
Gafsa,Gafsa,638,34.425,8.7842,34.43114,8.775656,1.04,OK,"Gafsa, Tunisie"
Kébili,Kebili,482,33.7072,8.9697,33.70617,8.969763,0.11,OK,"Kebili, Tunisie"
Kébili,Souk El Ahad,483,33.7761,8.8611,33.776126,8.861088,0.0,OK,"Souk Lahad, Tunisie"
Kébili,Douz,484,33.46,9.02,33.457132,9.024929,0.56,OK,"Douz, Tunisie"
Kébili,El Faouar,485,33.3643,8.6766,33.364319,8.676562,0.0,OK,"El Faouar, Tunisie"
Kébili,Matrouha,486,33.3494,7.7774,33.349412,7.777431,0.0,OK,"Matrouha, Tunisie"
Kébili,Rjim Maatoug,487,33.32,8.033,33.325387,8.013794,1.88,OK,"Rjim Maâtoug, Tunisie"
