# Quran media packs. Generated by scripts/quran_assets.py layout; do not edit by hand.
pack	path	bytes	sha256	origin
quran_pages	quran/pages/page_001.webp	285804	00a6bf84b540ef36921fce38d9b0497602327a881271e6e1bfb69aaa4ff3e465	-
quran_pages	quran/pages/page_002.webp	291206	eb7e788bd6f20c48d918aa29123837f4ff61050c547bc7c16ef9fd050410a61c	-
quran_pages	quran/pages/page_003.webp	269606	c3cf79b2da1b97081d4037f4e8ebad3a221b9142cef943f5d03958f941c7c255	-
quran_pages	quran/pages/page_004.webp	267156	f3e4e1e30a25f9ae8adaf4a1693adca56b41f4acb0042b52fe74494a3b0740c6	-
quran_pages	quran/pages/page_005.webp	271834	2638e9be79825ef8c62f43bdd8ac42438a7356c2c039b67d98e69a093cc4c43c	-
quran_pages	quran/pages/page_006.webp	286798	0b449a009623a0d80c031212e6c79dc93bde18d2d5aa4bc9d7e062ed8d0d7669	-
quran_pages	quran/pages/page_007.webp	266516	23b5954d80b123f3e0b9a4a7bfebd6722706b5f65559b827fd3a3163846ad4c8	-
quran_pages	quran/pages/page_008.webp	275414	64ddd2784d99a43e816a8bc82d933bedd1bf40f4adf38ef72b1ea1318e8df329	-
quran_pages	quran/pages/page_009.webp	258780	5bec83116862753828f68d994baa7b2eb321bcadfa5e87aeca67ffb1a2ff8f52	-
quran_pages	quran/pages/page_010.webp	272766	a236fc452faffda95e360490cd60b2545ca9c2701e6b0af546d394f02238fb0f	-
quran_pages	quran/pages/page_011.webp	267348	e78b410fdd8b309aee7a610697deeb0a5676e5ba61c7f592a392a4f1cd74d213	-
quran_pages	quran/pages/page_012.webp	284746	1eb63cc9ec75faad5a04e9c0fd2d06dea4948f209160c5355798fcccb63d901f	-
quran_pages	quran/pages/page_013.webp	264214	db4ea7acb689a2b6bd852f2f76f3d33a451f6e4514cc57b8be8905a00868551e	-
quran_pages	quran/pages/page_014.webp	256476	896f2e402c420bb81556b2b4cb1d00a35b498c7e3abc24ed709bf15d6357a1ba	-
quran_pages	quran/pages/page_015.webp	267382	b5f728a404e2a97ab01086370fe8b7822e7e07d9c24ec43dca2dde35c498ad19	-
quran_pages	quran/pages/page_016.webp	261192	8685b8f1323188c02209fb9cd564af385c16f8c05642961f0f6d85c10d810d38	-
quran_pages	quran/pages/page_017.webp	293534	40f17806c94a8256d99d48aebce17394b95ed26f20de7ae395b6194156cc0afb	-
quran_pages	quran/pages/page_018.webp	274384	1baaa59f06bb7120ddd7183076030bfcfd4c30da17e10d6a19c5dadd8c9ecdc2	-
quran_pages	quran/pages/page_019.webp	316816	bb52c43fb55e173dfd16a3ef669f7b6d8e56b47f78c6a65786f734da62aafe92	-
quran_pages	quran/pages/page_020.webp	276904	ab30ab7712a0cf382b99b8ecfedfb247a7ded63180b5ee45d4941360932ca7e4	-
quran_pages	quran/pages/page_021.webp	301102	59bf0756a3da8193a5b32a1b83096547bbe64289bfa254a9a75a7d9f7d28a018	-
quran_pages	quran/pages/page_022.webp	292428	ce61b1599487d60d00d271d9f4ad6021964c0be701c5988a62628df2cf3b5b2a	-
quran_pages	quran/pages/page_023.webp	329090	496fa7b2db1b90a08b3d8817a72083928964df4548c70b4386f2b38c6c89b509	-
quran_pages	quran/pages/page_024.webp	293902	37b3cc4fe7d037323ca821983e120074bc2028c60d9928b245a1a8953afed5f2	-
quran_pages	quran/pages/page_025.webp	304478	35b5811bc5f378212e2487e5b2058004101c6a65dfc68e85e069b0537eb67c0b	-
quran_pages	quran/pages/page_026.webp	271876	97d61f77e144ac201f5e8df94c66ad9ac8c8af0684c30ae12dc90efedf7712de	-
quran_pages	quran/pages/page_027.webp	273520	783dba7fa681258bc86fcb8ade57dece8a0d7ad9803a5b03fb3d3fe6ef242ae4	-
quran_pages	quran/pages/page_028.webp	289422	e538626a9cfc66ba8b8ae9762c42d636568189a9c3464b29282bd82e5b32954e	-
quran_pages	quran/pages/page_029.webp	334916	029acac5949732583557032fbcc9231f9d981fa7562442a1f078bbcf44236fc6	-
quran_pages	quran/pages/page_030.webp	228926	1e26be53a2046fccebf8181b04d1dbb6c130f03dd2dca059e852261f37bee9c8	-
quran_pages	quran/pages/page_031.webp	284884	f46db6f3a954b623be73c9660a41d56110719d42e7a7303a1737c8ec9331fea3	-
quran_pages	quran/pages/page_032.webp	323368	a39fc89e987c92083a0c3e9cf414fc1c9ad520f7411a26ca620af8afa2fef220	-
quran_pages	quran/pages/page_033.webp	282554	e282afc77aea1d9c1f68ae4ac6b702411a01bfc2f7a80c6f98cbcabac4fd6c1a	-
quran_pages	quran/pages/page_034.webp	317004	7b0f9030331c815fc9a0c737528d0346d94fba4da0808a52ae92c79cd33125bf	-
quran_pages	quran/pages/page_035.webp	306982	fece1d2eb02340cbbe710a562015f513aa6bcfe78bfc647c1d85316c4d4503f9	-
quran_pages	quran/pages/page_036.webp	312124	0b293fc88f09b91f2d8f1e9dcabf6d03e35ee7c17a73c19762634ba3d7584d8d	-
quran_pages	quran/pages/page_037.webp	299038	29f7bd2ea3d06ac23386f80aab16c3f530a4e171b1eede85c799250f5d394331	-
quran_pages	quran/pages/page_038.webp	286060	c100b62cb3fbf7e5b36005e74595b6196cc5d8b576fc0f1a256c2d8308188020	-
quran_pages	quran/pages/page_039.webp	270556	6a6dfb16897df9c6c9de5a72df2e67997552d087f3cf3fb5e138cebbd80c17be	-
quran_pages	quran/pages/page_040.webp	238280	860a8425940d10e0741104004adcf19a317c56ff06ac59a9813d10ab3d3aef30	-
quran_pages	quran/pages/page_041.webp	282268	ccd390b417492e7e0a0e4696619f020c47d10ea17fa17c1c0ff1a45e1a1d789f	-
quran_pages	quran/pages/page_042.webp	313238	d1e2901d72a0ed1507352498e5b97472265e81d4ac7bf3b4f91317c18ec5dc54	-
quran_pages	quran/pages/page_043.webp	282856	fafa50c77a40d9039a4fc6a292244f4726eadac784cd4bcc14056a284420f574	-
quran_pages	quran/pages/page_044.webp	273572	7c0222ecf6bfebe6986eac498619148184ca7bdaff91877d9e391cba4975f5b8	-
quran_pages	quran/pages/page_045.webp	265452	4959f97602d11049c2c2dd308bc10b7401afc4ab6d187c27eba3a93820a12439	-
quran_pages	quran/pages/page_046.webp	257598	4d7846e3def442d251f3e66f27770de3e3035b7ce57a9652a0f45e0a21c437f9	-
quran_pages	quran/pages/page_047.webp	289778	28420ed721ea374e67b478b91ac2009d3746a254c63d33be8cf45b05c315e70f	-
quran_pages	quran/pages/page_048.webp	281492	3b4c7f60b3bae2c4e85cd5bfdac933edbeafafe74b7c3e15c1438d33e2a503d5	-
quran_pages	quran/pages/page_049.webp	297068	d7dbcd1d8cd152286da73985c603c27329910d515aefff5a7191ba2ce9bf82a6	-
quran_pages	quran/pages/page_050.webp	276342	d6e69c6db1f6517dcfba4e4a3ee8ecdff4de1ae9fefacfbef7cbcbf4841e5720	-
quran_pages	quran/pages/page_051.webp	265758	07e3bdb77cb4c1f8bdd57f0c93f8213d9281c69841a91103dcfb869514502ef1	-
quran_pages	quran/pages/page_052.webp	303062	6835838589030bf927e6ef5829d10b31b162656865cc29e2d9bdeadefb149753	-
quran_pages	quran/pages/page_053.webp	280266	c09215d38b97531b5025650df5905ddecb21c328c29513f915d91efa479a2a39	-
quran_pages	quran/pages/page_054.webp	314428	b1619b4fb94b7ce4f258e772760f702b105ed2926bd9db971b104fd32e57cd96	-
quran_pages	quran/pages/page_055.webp	264576	4e266e125583daadd4948a34cfeca874cb5d87bd4224635f4ad96adbc1644bf7	-
quran_pages	quran/pages/page_056.webp	288954	e6d04243ad457a1c1080047049ecf61765eb8a039175245707ad7c2ad0781d04	-
quran_pages	quran/pages/page_057.webp	295568	a23fde422013bb0f71e0b7e5384d2190cdf74d5612545dc3a04d8b5b1908a5f4	-
quran_pages	quran/pages/page_058.webp	297678	942484e2edc325843e1154ccc19c62fdca76f5f560a825b0089fca982dd187d4	-
quran_pages	quran/pages/page_059.webp	312424	04b6b4385e12c3e95cb1344138f8bb7308ac5c123ef9c907cd2651be774dd316	-
quran_pages	quran/pages/page_060.webp	277896	a3b7e6bfdfdaaebd7364c7529c1f7311485baae61330b622a15e21b6e3189788	-
quran_pages	quran/pages/page_061.webp	271394	c104630ddea8e6e798ff573ba333bf36927d2ccd1b3996c9b37d9f5fd01e357f	-
quran_pages	quran/pages/page_062.webp	292270	7e786199b977a8b1078ff0ad84b5e4c6a6e72722798b104c4421a838830f2433	-
quran_pages	quran/pages/page_063.webp	267576	49912da1807ad4541e6eca3294c85009fb6d8aa9878c5d772d3d0b69f3f7e468	-
quran_pages	quran/pages/page_064.webp	317380	728a5734d0dc8f2e4a9152b53928eb1ca1c9e4ea936815f54c6a1b2a2c6fa567	-
quran_pages	quran/pages/page_065.webp	278188	b058f14625d25bc8d1a002696685483f484c12d579a48b3b2d0633e2fe5a0f99	-
quran_pages	quran/pages/page_066.webp	314464	bc97521e852802bcd3ef2e1e78d4344875d1e1ee1f7ba8b8729229fe1897af5c	-
quran_pages	quran/pages/page_067.webp	314334	54e4c70f4153f882a8474816f0ef8531ef02b45ab8d5a8312dcb350e607f59b4	-
quran_pages	quran/pages/page_068.webp	262678	798b440a60c97f1fe73b6a68f86e79526477b225930deaf9d5132f295d6ada6e	-
quran_pages	quran/pages/page_069.webp	290834	30c1ec8c697f14d8533fce5bc8873ec10f0e169f3c50aea26b549ee23acb7089	-
quran_pages	quran/pages/page_070.webp	286258	96042b679e0ff32cf7e3950e43d0e2ddb1224a89dd43945439c93dcedaab9183	-
quran_pages	quran/pages/page_071.webp	275676	b41f8f0f8f6882995056815fa35c9b3f5dee0e51f9a0e7dd37ca8156e5d3fbcb	-
quran_pages	quran/pages/page_072.webp	270220	39efb02f02a71d6307f0607dcb766489e43e24b8129a485b34188448a5fb183c	-
quran_pages	quran/pages/page_073.webp	281710	fedf35e7077eb172ff0dbdead63f2799e0c5c2c7de90eee593d0c76a20a09220	-
quran_pages	quran/pages/page_074.webp	293872	299a62cb4b52d69f5b583e19263feedcbc7678fe6009a7b90204a531074c1971	-
quran_pages	quran/pages/page_075.webp	266100	bad05cda7366f8db32cbd122099de5735c528ebb55303fa9d0d9b8757911ea9a	-
quran_pages	quran/pages/page_076.webp	297170	2074707a83956b630331d67161d580e4a02994aff56d6ea046cd2df22a480d80	-
quran_pages	quran/pages/page_077.webp	237700	cd1ba2330f0ad07f30fee6385e65b436f4d390c2f1265fe4e096cd6bf798bda7	-
quran_pages	quran/pages/page_078.webp	244810	1e56cab55c0748611f99fad931387f5d3234236bea4562c477a225ba3a710527	-
quran_pages	quran/pages/page_079.webp	288496	53cc57d67824ad86f2f2a0abf46d4c70c0be7679a465a37b8f72d0649bd5d6bc	-
quran_pages	quran/pages/page_080.webp	271962	55da16d29cef50b652f28f2f760db17b6b60e78234408a415f375e59e7b733f2	-
quran_pages	quran/pages/page_081.webp	227610	780dab0b4d737e888dc19b6880186e29022ade3e06584a7740fd0da528606d6d	-
quran_pages	quran/pages/page_082.webp	282772	cc0092adb21c45ea4799b1d7ea35b0b1d77aa2631339d780c0a429c178118792	-
quran_pages	quran/pages/page_083.webp	271576	df19f56a138512500e715786eb2e6da2dc5bb958fcedcce589ddc27eda9e0026	-
quran_pages	quran/pages/page_084.webp	299726	71ed2570e276d190b6ad0bd200a52a3a73f0f6a3aa0111ea529a6db34ba58dfd	-
quran_pages	quran/pages/page_085.webp	277220	e904b024255b9d30e1f22def2f81cabd1a60716402b1fc7c648e2f6c4627b649	-
quran_pages	quran/pages/page_086.webp	275164	789cc7f21f00f815c65b4db535cbe75f1adff008400a045bcb19cfb4124f45a2	-
quran_pages	quran/pages/page_087.webp	250584	93ec0d1fd849061f04d62748a68fed5254b164a52a9b90bf4762a6bf35d9bccb	-
quran_pages	quran/pages/page_088.webp	262812	23b4f5567476ea5b34f4cc67ca213d2c5c967375880f2ddf9284fa513e45b600	-
quran_pages	quran/pages/page_089.webp	327898	dcdf93572ef0f6ef91f9fd7cc8a8ffb9332533b9788ee001f767d95f5e720847	-
quran_pages	quran/pages/page_090.webp	261900	a3b59ae5d273b84c5e23426c8298e3d2df7c99b6c41e487af1c82fa16dc14b74	-
quran_pages	quran/pages/page_091.webp	292688	d98b2b6be7b07bb81f8e502aa854fcba67811d4814ce5fe1d454d426dfd7aea1	-
quran_pages	quran/pages/page_092.webp	271016	9e3f8cb58adcd6b78ee2e04db080f691ccd835d645ed7bb71efbe57a0f2c6dc4	-
quran_pages	quran/pages/page_093.webp	301936	2826dd0955a67b387a9570415208119d7ea771a6b4f0b13167ecccbeb130399f	-
quran_pages	quran/pages/page_094.webp	309420	c625226df6e1ecc712b9fcfdcfbc9214d1a4d463b060d4566c42bd2a5d34699e	-
quran_pages	quran/pages/page_095.webp	256872	e5e34f4b9e17017ed5d6ca94a347e42b87b5c5ac9811361c8f3c5185e17e1f95	-
quran_pages	quran/pages/page_096.webp	284304	83e54a2deca123addd27ebf218ae9a05e14b00abe2c1449dbb8f0842d6bd5ff8	-
quran_pages	quran/pages/page_097.webp	279492	f14d889bb45c13cb84e02795e5ce18f17a052b5b0336bc136930a21751efc779	-
quran_pages	quran/pages/page_098.webp	287068	471bbbe6ccefe98ecfc55022dbac9fe17505e2dac7f49d34ff8be4a8f0e4b9ec	-
quran_pages	quran/pages/page_099.webp	282218	f0dab7448740961f271f920e17f8b45f4113a9a0ef208269e02ed8411a30b662	-
quran_pages	quran/pages/page_100.webp	288224	3e533eed8b774698390c8f408f9b211e237fff99333d21c1730c9c4e1dbf962f	-
quran_pages	quran/pages/page_101.webp	320150	1f12beba1adeb4da0ad21fe414e4c9dd81c0ff5ff9ab627e9915086553a440d9	-
quran_pages	quran/pages/page_102.webp	291960	87c9393f8182e09ba64b21545cb4aa8525d775ad499678b655a640e35426037a	-
quran_pages	quran/pages/page_103.webp	310252	03f55a311daeca4d9271e0be89d41afb508316baf1ddf74b986ee23fdc498314	-
quran_pages	quran/pages/page_104.webp	279344	095dfb9051a1dec7d124f8cecf8e763b00553b68030d0dfc6306b8ee78b40ec2	-
quran_pages	quran/pages/page_105.webp	261132	bc01381fa39753e8ab42bfec2d7a5397062dac60411963cf9de4dd70f03c8e2c	-
quran_pages	quran/pages/page_106.webp	289750	94dae31914a2605b7e8a831b241d3394d3b89c5f09503646ec2808c3fae569a3	-
quran_pages	quran/pages/page_107.webp	282604	99279fc75993d75086e27d758613b4fea6cdae9e849c9fd5d01522b49b019e05	-
quran_pages	quran/pages/page_108.webp	214384	0eb442d600425cf65b1c15de6cef2b2550f5ac343b0a573c3b48305edb707a86	-
quran_pages	quran/pages/page_109.webp	280810	26101c1735ff4a289d77749bfca1309d28074b7b8987990bdb56c240cc9a214d	-
quran_pages	quran/pages/page_110.webp	282736	e325f45751a47020b07a82ea334858e015d16c69c19d8a644d50c3595f26e305	-
quran_pages	quran/pages/page_111.webp	301410	fef1a3172ea196d3e6d63eb6fa174eaddb047c10dd8f79e1a8478d7b69980fda	-
quran_pages	quran/pages/page_112.webp	300302	79e29b7e65085d73b359f0c7629418fe4f12645235f40c826fdf3eb52c5d42ac	-
quran_pages	quran/pages/page_113.webp	261918	60029b58e423ea36d3d2ccc364854e65d680329e3f414541a6b96791487bffd0	-
quran_pages	quran/pages/page_114.webp	299784	f0a2eaf81e04bb9db64797df7b5e63e93647696df711d725d2e938e1106f768a	-
quran_pages	quran/pages/page_115.webp	293082	1e80f99a5fc2513a5384b45c56d70afec8afb166eaad83d4b16cadbf3d7a0a64	-
quran_pages	quran/pages/page_116.webp	294174	bbd5a56e164dac7f8e696c72aa1cd6127f66656c99fabca9d43038078fe58daf	-
quran_pages	quran/pages/page_117.webp	303476	bea69ec96760b4d65ec9057868c368d29d454d19366e2609467a3be35f423180	-
quran_pages	quran/pages/page_118.webp	307542	d6c5509c693e363335bf634f2097227e0f94c3559296d7e9d5ae2a555deff21e	-
quran_pages	quran/pages/page_119.webp	296102	d76b650ddc17b65c647d18e5a43c5b93044288ea41dcd1d591b7d79da8fec877	-
quran_pages	quran/pages/page_120.webp	286262	d0d3735910598a7f5b69d1db05c9de090db2d7f58f3d960416c0e627a624d689	-
quran_pages	quran/pages/page_121.webp	258558	9787590462d0fc406b5455b65b34c4551f4db6ef0413d1da30808c3af010e23e	-
quran_pages	quran/pages/page_122.webp	300516	5e3089937329754e77ef8be0c9615cf06986785f36189a948db98ea4667ff542	-
quran_pages	quran/pages/page_123.webp	281134	b5e937c01c95465ba7391a3e10d331cba59d71348f13f89caf79328a48d3b56e	-
quran_pages	quran/pages/page_124.webp	279070	eac68fabee46cc27ee24eeaa2d57409c3a1acba78e5b6815b595ade256202a45	-
quran_pages	quran/pages/page_125.webp	277572	f2e6a8244ebb5156ba77985fcd9ec0c7aec7697dd5ba8d0a432d2bf626ce8dc0	-
quran_pages	quran/pages/page_126.webp	321008	43cf97eb55f614374f6d3d0140f57dfebc73814b9ccfd975511803e7d385d7aa	-
quran_pages	quran/pages/page_127.webp	314908	e80adc186a2cb56e83f39b45a5d99f3b1069c337396430c95da1bed89fdd3d1f	-
quran_pages	quran/pages/page_128.webp	276668	d60d7a7c255859d9834d7b06a7cc8e020bdc5d16804fda69642c93d4eba1eb1e	-
quran_pages	quran/pages/page_129.webp	339542	378c83d25dc1a4d16fd3d0597146588cc2dc35d8cbcd30c3942cbecc081a8707	-
quran_pages	quran/pages/page_130.webp	317438	35df582fd03af2ec0aa819ebbc880f8169dfa8deaac020cf6d11fdde50863dd1	-
quran_pages	quran/pages/page_131.webp	287738	bb899b70d67a16bb63ef42ff06db54bfaa260b4d0e4ffa4da7dca79d7ca3e876	-
quran_pages	quran/pages/page_132.webp	300648	1d5eeefcbdddde92c8d4b8bedb645a0b99527d7f8d802d5851b8251161942be9	-
quran_pages	quran/pages/page_133.webp	312394	2ba0ff49a3faa990eb61b8fdd8b382b461e6be72a5f06701982ef45bf19bf0da	-
quran_pages	quran/pages/page_134.webp	302666	5b5cb0d514ba30190cf5bf5f6dfc56c17a3aa9faace2003d144e449486ee4be8	-
quran_pages	quran/pages/page_135.webp	309264	42ba00a62c0d860a7f6b38969cf2089749a44da7018894c83c09a0722df34b99	-
quran_pages	quran/pages/page_136.webp	314412	cd281eb16eb17501c66cbba36e8c0d4ab3179a68c4958da174d3ad13e9cd32ac	-
quran_pages	quran/pages/page_137.webp	279466	111d61c90485ab2f248bda863713d71257699fcb95f1943557835486e1dd8c14	-
quran_pages	quran/pages/page_138.webp	304884	e674642a93ac7f26be8ecf2090e5fd88e7e3c46c3efde637abf3419340a03f64	-
quran_pages	quran/pages/page_139.webp	310856	49635e295488d9eba56ef4ef735df19ed23718476b8e1d014eb5ed6d78aca314	-
quran_pages	quran/pages/page_140.webp	308834	48229b768ec62eaebc8f7ce9889f2aecd7845a71e06977cdf003a0924d0e625b	-
quran_pages	quran/pages/page_141.webp	319324	6f9262077c8ddb959f09c3bf4b369da83178c2de83c3e6c66cffc9797e983dd7	-
quran_pages	quran/pages/page_142.webp	297750	b114fac761a385ef94f5974e6624ef349373447cabdc52d3c62e621ca96949b1	-
quran_pages	quran/pages/page_143.webp	277460	ddb92c307ee875e9c22debc605ada0556a691b87802073a7b92ceebb14b499fa	-
quran_pages	quran/pages/page_144.webp	251630	94c6a028b4d4f4396c0886a539d8045c186c9881cf8602c97f9f47187b3ae6b7	-
quran_pages	quran/pages/page_145.webp	297074	d296c2f9a7e92b1fef15c4faed111a93ee572976bc955efd9e742e4fa0f508a8	-
quran_pages	quran/pages/page_146.webp	267124	a5f76243795b3963c90bd678e78e1e28f8958b6f721936474f6f261451fe4d73	-
quran_pages	quran/pages/page_147.webp	284742	97c8c4d1b5baf94b83bfe118cfe7100ac270d14a79a2ff7d3a6bbd091f1c6600	-
quran_pages	quran/pages/page_148.webp	250858	5698b84202d20f4653b4df93269e3c004fb9c5c23dcb5fbde7608853b1ebf36c	-
quran_pages	quran/pages/page_149.webp	326768	7056ef1529c260092a8cd382f913b15672fc48c9fe3d1b34eba84cacb9f3c4bb	-
quran_pages	quran/pages/page_150.webp	301768	9f025db06513a1bfbc48491fd1698ef0b45aa780cdbcad9a6258d3bf9751dab4	-
quran_pages	quran/pages/page_151.webp	326550	6c91abc9813b22da4df383b69fc9f2c8e9c29b43aa6f49cac83835a04cca2231	-
quran_pages	quran/pages/page_152.webp	304474	8687c2f2dda8c47a4ed976528b309de2dc0190e451fb6e2081a904ed90664ab2	-
quran_pages	quran/pages/page_153.webp	305996	37b9101adbfe5e737638fab9381dc661a0d69921595bd045475b62f92f39cbc9	-
quran_pages	quran/pages/page_154.webp	321312	958a2fed19d9ca7c0aeff4b60673692020384e57191a2c93e5ee63ca1b27dc31	-
quran_pages	quran/pages/page_155.webp	307910	6a7dfd88e39bfa9ecfccb1793062d63114e7677fac5e3c687f3d1e541571b98c	-
quran_pages	quran/pages/page_156.webp	270588	ea3e4b6fc3b157ca8682e9d634f438988b9328434e602a42e64366eb825acd3e	-
quran_pages	quran/pages/page_157.webp	313244	e81ff76749d28994580ca3e8a053d44325dee3005bbcb888516cdef6682963c0	-
quran_pages	quran/pages/page_158.webp	249272	80b6ef142050645e4c7933e86c9d95e60aa5598792ac8d45860885b9ada063d9	-
quran_pages	quran/pages/page_159.webp	297158	7f109a1adf081c9238360e9049256f632befebac51dfc7eb66129112be958310	-
quran_pages	quran/pages/page_160.webp	259944	7dd253c702236af6fa30db17373eabb2e194a99a012e61097c211f48e8a68299	-
quran_pages	quran/pages/page_161.webp	295680	9ed1f77c2a451f240b72c2931e2f0ad01715fcbadfccfd3581adf0794207716d	-
quran_pages	quran/pages/page_162.webp	275344	0faabd1abd2a65efaf243ac9e1df6bf1dfaad8cb6fe6387bd5c4cc7433e81fd0	-
quran_pages	quran/pages/page_163.webp	311690	68bd673fe03c4a9dbb9c80288fb03ce4770c50dad82c37086b909e0d7cc9ce64	-
quran_pages	quran/pages/page_164.webp	307716	53c47b30cc901e0513496007f2e6c9925715b9b2dcc08dc41e5e71ec3220c07d	-
quran_pages	quran/pages/page_165.webp	278050	d1909b062e71b94cdc94ff2ca9026efecd3822816f7fcb93b4b35a727bb6cf9d	-
quran_pages	quran/pages/page_166.webp	286164	37bc505bfe104bfc898a0d5a90f51e9aff2dbdad2365b621b53948716a58b998	-
quran_pages	quran/pages/page_167.webp	299622	9baaad96b0dda1365f1c120035d660d2d93ed0b84e30bd72283cab37b8afdd5b	-
quran_pages	quran/pages/page_168.webp	280952	794328f049eb2f04c21ae5fc46b62ef22e113362e19bcaea93cd555610ccd2d7	-
quran_pages	quran/pages/page_169.webp	307242	db7126a45d2e7f893b1b481ae5854df6cf99f3e14df52d9a4d0702ad46cf279d	-
quran_pages	quran/pages/page_170.webp	287738	4a4e0734503efccce9b5ac1cf72d6ddd465473f19a2bd59327f0220889cf653a	-
quran_pages	quran/pages/page_171.webp	308226	12417957eb3dd3fe2e4b269c844d45904d9c5bcb9c28ae0f7052ddf24d010843	-
quran_pages	quran/pages/page_172.webp	276982	bb0531a603f603ed246f0da13fbc99e95c72871cb3b558eff17cfac8f545098d	-
quran_pages	quran/pages/page_173.webp	331724	6efaf07c3633a934d53534faf3bf22fc510c31916628b3a3107758a43110db6f	-
quran_pages	quran/pages/page_174.webp	313456	6a709e4160870b1df816ab8c768fa31f24174ff730caba2558b13e2c8004dd3d	-
quran_pages	quran/pages/page_175.webp	316598	23caef8e96611dc1066805e692291b1c21c09ced9a360d6a3e3e61992c7e8670	-
quran_pages	quran/pages/page_176.webp	323292	c4c09091057bdb94390f9025ce356b732e458f2c121d80a7d0b9a8bc02195353	-
quran_pages	quran/pages/page_177.webp	283334	5016d4d2b28111710b2b7322bd8dcf36f2124d62bd9cb48772218eca433f3ac5	-
quran_pages	quran/pages/page_178.webp	268824	7cd834a663d901cdb63b76dc8539e0a6600f52451f7b4980ae608430f1a52113	-
quran_pages	quran/pages/page_179.webp	280520	e4d371ba4269ef02629b51763015953ae4fa68076b0bf389c4d588ef3ad24802	-
quran_pages	quran/pages/page_180.webp	296112	82ba1532a7ce2851b05308da05cc6cdd066fa5ffac3409bced1f3562794194da	-
quran_pages	quran/pages/page_181.webp	279100	b53ec71d6e7e5930d8a44d96f84fbf68aa348acb9b89069c029fd5ed24df75ad	-
quran_pages	quran/pages/page_182.webp	275228	404fada12dbcdcfd06e3b3113aecb24de0c927e37f02e9d35dba6df2e78296e4	-
quran_pages	quran/pages/page_183.webp	279924	df6b5ebb23cd2e8bce0f98882ede02cdad714f7e3a6d4fff68e8c97b6e7137e9	-
quran_pages	quran/pages/page_184.webp	288000	75eda1d4af20435a3dd44a3796f47f404e0e851c52c80762654fedaa38436327	-
quran_pages	quran/pages/page_185.webp	288064	b3788492b6c71a3deec27a035f30d3c50760221cee2d3d95ce53fcaea9007427	-
quran_pages	quran/pages/page_186.webp	298848	581e154b5f31cd668e6b4c484b11a0dc3a628cfd7a44e97f1a9cdd1e0cfe1e2c	-
quran_pages	quran/pages/page_187.webp	272280	addaf38ec43c3155df6afe4399284ca0806fdf9a2f273f235d34139d5f47b5c6	-
quran_pages	quran/pages/page_188.webp	309886	d0c9b8ddefc488225c9fb3d8cf409e382e48da612d510d0612c50e98cd8fa87e	-
quran_pages	quran/pages/page_189.webp	274810	c30d47dfe605f75b909bef1e47ac356d6792e111d5794632b5bd36245d9e74b2	-
quran_pages	quran/pages/page_190.webp	239912	18eb755956e20ee27f662ac5e27f2a39e17f780a3451e6d7e55f8ed947377c83	-
quran_pages	quran/pages/page_191.webp	304640	5813c881b5b27ad31d804259098534956e288cc740ff6dc3670893bfdb514d2e	-
quran_pages	quran/pages/page_192.webp	277684	27af69fd044719e9808638879d88b07f6743c5a19d4338f98828a45c5a17d0dd	-
quran_pages	quran/pages/page_193.webp	263252	7e639aa835f70dd2dcb44bd49c618652b1cef457e3c64993a240f94da949251f	-
quran_pages	quran/pages/page_194.webp	233082	48066fea9024d1bbfe4cb529d3efab2a0047667f11f8048e5afa28810db7fc25	-
quran_pages	quran/pages/page_195.webp	254634	de8f668689c2d70550e46ac70c2191db500030a29ada23a3eeecfefdef6bfdd3	-
quran_pages	quran/pages/page_196.webp	303454	793f5151b30dfc62dc7d1bf859ab56cc10711630ad17899a2617c7de4f11e13f	-
quran_pages	quran/pages/page_197.webp	277112	2827a8bd262e6f7f026db9b57554a52efaf6ecefb60c861d8cece1522ff5504c	-
quran_pages	quran/pages/page_198.webp	303332	9cdeca35671b529417b124d715ffd0ead53aa9194f4f965a1c099207e0801629	-
quran_pages	quran/pages/page_199.webp	272636	25c9b0928cba9d37b08d9a3e80f2613af5819cfc097c92ae1708816014e77947	-
quran_pages	quran/pages/page_200.webp	309748	4e3d6cd753e6fb5ac977fe608c3294705805528be26cd38f3f3f1a0e31e3d472	-
quran_pages	quran/pages/page_201.webp	283908	6007a066b9fc9203c06139a25f1f8ac1114a527cb2a3c9536d21ae7fa6bb731b	-
quran_pages	quran/pages/page_202.webp	312688	2e0f02518fbf9fc1a283ad9afe2c5027bcef352696cd48a0fa8bd9055c3ea3a3	-
quran_pages	quran/pages/page_203.webp	295408	f28c4ef2fe43c4edd138707c6463663629434d8a2d97a41a7a0982811ccd82ec	-
quran_pages	quran/pages/page_204.webp	289998	fd0169b86757ab24133469f595fc5836eb8c29d1019820d4069310e09a13c50d	-
quran_pages	quran/pages/page_205.webp	304962	5d921eb793c128a7549970fd7fa2da049f04b1607431228be6c29343438aec4e	-
quran_pages	quran/pages/page_206.webp	273272	3b8748ee1898cf2bb0c02feca9bf2ca2cd7639cc9ee5f31a7995af895b6ae912	-
quran_pages	quran/pages/page_207.webp	316690	6eb994753aa6f2fd99e6f15ba8509bf255d1082fa1c57f214afb133212f41d82	-
quran_pages	quran/pages/page_208.webp	305668	0a88e7dae0f4db037196483b4963dd50eda8c6498f7fceb15ed76c2467d69db3	-
quran_pages	quran/pages/page_209.webp	298898	43906d1961439f1f601941ac4a2a1fffaa85462bfeab8e6db0df8b89d32bd408	-
quran_pages	quran/pages/page_210.webp	304788	8588153daeb8afcfda8289431c67d9a34619e079d8825618967d285923cb9e7b	-
quran_pages	quran/pages/page_211.webp	317708	c90769f60cdbbed82f78f5ccfe4eca3d80af335c7288649f1ccc520f391ca56d	-
quran_pages	quran/pages/page_212.webp	345092	1b803b42ede91ae9e6bc98b1e640ff988d16987f340e4c1d72c0ef78cc142086	-
quran_pages	quran/pages/page_213.webp	318432	fb285d1ba22503200d6fde35df20fbf055a407995cd1b04602a0e1407bfb43c2	-
quran_pages	quran/pages/page_214.webp	305536	6ac0ed49d16df8c0374aa65c3b030185944dd844a49a5426e07ffe5a9a130c29	-
quran_pages	quran/pages/page_215.webp	283858	08b8d418a156003df500d73b242076129848844c6d2f5e3c0cf4b69df5a00e44	-
quran_pages	quran/pages/page_216.webp	328344	d87c8ca835702b3cc3d215267ff636b3501b5b11e57c9a5864484330236404cc	-
quran_pages	quran/pages/page_217.webp	318710	452b876eed646224defb23d53eafc45bda277a3fc12925f40fbdaf8e6bf4d2cc	-
quran_pages	quran/pages/page_218.webp	303520	abeebb3d940230395345907401743b1fa87ff49c010ee4d9fc4a50f92ec0fdff	-
quran_pages	quran/pages/page_219.webp	320236	346989c597039b1c627ae937971722df8a170825128e07569637d4b75168071a	-
quran_pages	quran/pages/page_220.webp	319012	0119875e994ece38fe2a6d164814132a4d91b080bf047e1262070f92aeb52fc9	-
quran_pages	quran/pages/page_221.webp	309508	4c68542eda44776308ed3342bf9764d7cf58ef7640e1621a4674ad7c93c04672	-
quran_pages	quran/pages/page_222.webp	310856	4ee45a68c2545b1a9904029753b351a3806fa8a69d1bb262e4c3c9d9cc11a371	-
quran_pages	quran/pages/page_223.webp	314378	62a3ecd857bb8f9f0d5bf9760aac635f470658a1b05a754f6e67d4f172da8389	-
quran_pages	quran/pages/page_224.webp	315582	8347f28d1fa6da456403b717cf14267706f88e82732fdff8bfe882f250941c0f	-
quran_pages	quran/pages/page_225.webp	316326	69f744117165fcb84cdd427f75d4c355ed72f2a5cbb39cd87826ca17d9509d7d	-
quran_pages	quran/pages/page_226.webp	292370	2f6026fcf75c813da398e6387ae7e479db6e458a0ab51d60c78e1543ec01484e	-
quran_pages	quran/pages/page_227.webp	323388	e0331bdf942d9f11d8d7a88893cdc0390f02354090a26d90a95c09f52892c4e1	-
quran_pages	quran/pages/page_228.webp	276584	ed4d0fdf893a2797e3e58eca9a90e2542892e550195234f6c34c1640f5533e4c	-
quran_pages	quran/pages/page_229.webp	304608	12a9704a4a22e9eaf99081c39cd861e579bf238318dfc549566fed4ecc2f950e	-
quran_pages	quran/pages/page_230.webp	301480	d045cff51f6878600911cc6ef5c9603fda50faf34fb86b50ae8b452f59d54f69	-
quran_pages	quran/pages/page_231.webp	282794	dac6df086b1640441285dda08455ed0023fcb1c82d3ac8d69975c7290b6ce937	-
quran_pages	quran/pages/page_232.webp	283616	12b21ea29f6703d25eed45cd13503773e73cbd1d286795322f18a72dbfd608bc	-
quran_pages	quran/pages/page_233.webp	254964	87b0f035ce6e35ef47cc9903095359355c4ba9091d0d9c644d96e8886ac241df	-
quran_pages	quran/pages/page_234.webp	329912	c3fd093a687cb1e1095f2a5efe37e3e096a40eaeb0d5462840d31f8dd85270ed	-
quran_pages	quran/pages/page_235.webp	313446	51d6253984d36d0b4dcc61af4cef7b1a0c178ee3d9539a1697cd612233b44f77	-
quran_pages	quran/pages/page_236.webp	254310	a9797be4a5b0fcb919e8b39b78c300d3eead4ec65de45f67accd8202ac4b2ac4	-
quran_pages	quran/pages/page_237.webp	281372	c072982682c719ffab66dd051f3d45876acb0f341ce34a0817088c469680fff1	-
quran_pages	quran/pages/page_238.webp	297750	59a7b99370c3c5be1da0e800c49c0b394b72f7e85078cf3386f52a3c3f087f7a	-
quran_pages	quran/pages/page_239.webp	304446	87e214c42294736a00d8a99f91305f2b96af1c25b7e263980c05e307c8f4a2d9	-
quran_pages	quran/pages/page_240.webp	300240	6ac850d73ec449bfebe01730f57acef86d2e8ce3ebafd2c6b1f74b4707fd0669	-
quran_pages	quran/pages/page_241.webp	328596	d3979bc8c7cb9aff18efec47e6382e5d7f3d853a897cd3098f27727c0ca0b641	-
quran_pages	quran/pages/page_242.webp	306308	d03643e81268075c99ff311659be3f419c479f929176aaa6ccd3473a6639314f	-
quran_pages	quran/pages/page_243.webp	301382	dc004329f6b0bc2c4b97a3a8227e0765b21ae6f390fc89dd5392837e6df8bd96	-
quran_pages	quran/pages/page_244.webp	287266	19f88e1c2b28498cfa162c1963a36765258d77b97260036dfb5e489cdd6651a2	-
quran_pages	quran/pages/page_245.webp	294576	00b698ea3a7acac8da9ffe84e3b48a020464520804785c9a4e6f55d29fa201ff	-
quran_pages	quran/pages/page_246.webp	303230	b314d5c047f13c641861ea36399bde912560531bb77ef66f1bcac4b15f01b8ae	-
quran_pages	quran/pages/page_247.webp	309802	f3226cf1e8a486390382c526ccdaea37507b68c01e7535c0ec352879d464a675	-
quran_pages	quran/pages/page_248.webp	324088	33106340b62402057c7a2f2c0cdab25f46f2a28ad1b0752e9f2b78f46ac27ea8	-
quran_pages	quran/pages/page_249.webp	295182	0e2c6b02abfa9443590469d0351b3feb899b9aaf42c12d71e66295e10a115fe9	-
quran_pages	quran/pages/page_250.webp	335960	d566d44fc9dacd16d16e9e3b14985308cd9315cec88a0fedd6b9d55a61d921c6	-
quran_pages	quran/pages/page_251.webp	321370	41cbcea8f80c5b8d62afdb31671c417c4648520047133ee17d2abc5052d36587	-
quran_pages	quran/pages/page_252.webp	286934	2b9fc803f6f1099f05c86a8bf1e1084ff900d7bdf0f16cde0974edccd9848507	-
quran_pages	quran/pages/page_253.webp	319664	6fd4d9d5f1a532af448bd04dd3533b394f17169504eac1aa9e0c370279990021	-
quran_pages	quran/pages/page_254.webp	277772	f59f064567dcbfc73ad51b05f208d2650d57c6d5199a3eda77c07a5babfce361	-
quran_pages	quran/pages/page_255.webp	270842	5aa97c7047a97fe4a9f4ce4f8cd8fd8ab717237c2e2e4245987b91d5f9a68682	-
quran_pages	quran/pages/page_256.webp	256416	5d1f38578b049276c03f836255ceb541bcb7db7cca4810e3774adede2812b93c	-
quran_pages	quran/pages/page_257.webp	282870	48dd2bf5b50b6c7d4f8d7e2dea5e29f2ed74253208f1fa824c0a568d8f7771b3	-
quran_pages	quran/pages/page_258.webp	273160	1def4c8340c3ff7f65711733538c9832fe404a5f382b01de5b940ff64c407dbe	-
quran_pages	quran/pages/page_259.webp	303694	7853844e09f828222a20650a321a0a5013cadb0fc70a74641218183c0b9a66c7	-
quran_pages	quran/pages/page_260.webp	301168	904eb309185ecb0df858def613e418bbb2263a15a3c318a5a52ebb97fe9d4f72	-
quran_pages	quran/pages/page_261.webp	286380	ae59045867478ac232467ba418c8a074b67577ff03cec9fcf6acae54e6e4b88f	-
quran_pages	quran/pages/page_262.webp	315148	2510d15104621933f42d931be451bfc1bcacbe6417d62d5351bcefbf828792bc	-
quran_pages	quran/pages/page_263.webp	326854	986bfa7d916146e3f2ab5e6a5ee82df426f328ce9963e78cfa4acf52c467a75b	-
quran_pages	quran/pages/page_264.webp	314878	1ec6c95e198310028c0b6db8b40be3f56309a5c2cd79f99200e16cbb887e43d6	-
quran_pages	quran/pages/page_265.webp	329016	0bcd1c2381851e09d29d107d3c9fbf834ae9e7b8a7007a80fdc850792f8edc9c	-
quran_pages	quran/pages/page_266.webp	292040	f1119b36f57e00e114205fe1fe71782267bf89309e30f40ebd48b495d2e8bbd9	-
quran_pages	quran/pages/page_267.webp	276032	d20c47c7953c0694e361dc30746160d26afa95a30e063bfdbdc0a0cedb0e0f53	-
quran_pages	quran/pages/page_268.webp	283246	e7e4e6451d3eb6a158871a7c24a59b741f7aa8458fe7a07de9dff51a75b6005b	-
quran_pages	quran/pages/page_269.webp	243976	350cc3159269d4c87e532ee2293e3e0f60deb51fad40dd78b6fefa2d59c5a8bc	-
quran_pages	quran/pages/page_270.webp	293204	cf32aac66d0aebf3776aa5f646e07e9e6394f90ab211d2816608a5a49c83dbca	-
quran_pages	quran/pages/page_271.webp	317760	6fdccdc0a13eb65be33eb8bea433872bb5fba84663ddda0a8dc9be280201a3f1	-
quran_pages	quran/pages/page_272.webp	291848	0ed5266b63cb8d928f8fc4b192efd8198df761819605428584c7e132fbe55622	-
quran_pages	quran/pages/page_273.webp	301520	7f628dd61c8954b36a209213024afd01f1ef99ed259eb1b0f2a100efc2d8ac55	-
quran_pages	quran/pages/page_274.webp	288454	fa4a5bb98fef69ca080d2a47db87eca51ca432c2ab220f6b9c8d4dce1ac2c8f4	-
quran_pages	quran/pages/page_275.webp	275018	2c87e83f7c647e3e434ca192e0f82a176dbe7a5d8f96a6662c352289e8937a2b	-
quran_pages	quran/pages/page_276.webp	324838	e79d50afdeb315068671917aaa2c4c36e897bd0d6579d4fa6746559df334378f	-
quran_pages	quran/pages/page_277.webp	276348	e87e70718ccfd0afd4b9f2a73fbe7b8778c993ec6fa108f80d473bb760797670	-
quran_pages	quran/pages/page_278.webp	284796	aee70acaa7d77eede0132c136068e3b745d31d8698e1f6dab635d0c26b94352c	-
quran_pages	quran/pages/page_279.webp	323298	10c35eb9421e4ffe7efa7c94ebfeda060665edb1179bcde2cb823c171b54124a	-
quran_pages	quran/pages/page_280.webp	292816	96dec912a1c5f167200219a8c7fad659e981fd439d4220f92464483be205f850	-
quran_pages	quran/pages/page_281.webp	322152	a797e4e28719e47178304262becf2325a3f8327f7ee8f426028e3eedf800569e	-
quran_pages	quran/pages/page_282.webp	334294	733cddfeabbd8e0be4bc43f75bf4629088b38f19c6a87b0d7f58dfa787c2688c	-
quran_pages	quran/pages/page_283.webp	287218	d83cac345e1152a2a5395995335c8f578dbf5a7fe60b8afe87e626f156822bab	-
quran_pages	quran/pages/page_284.webp	272912	256c673840ce1b67a64ea9deca11d12688fdfe5ced2eb7b543a241d4dd1d5400	-
quran_pages	quran/pages/page_285.webp	296040	cb0b17ce9c806f1f40fbb00a0787e40e208900e37fd5fb59e15f785dc80b87aa	-
quran_pages	quran/pages/page_286.webp	304992	c1a955419035d19442fae99ec407fde857c27a9ed6f9f6ef3cf725ba7984026c	-
quran_pages	quran/pages/page_287.webp	275884	510978d9f5c52b1192f7e12b71ec6e897f4fb388004378ee45a43adc21ea8982	-
quran_pages	quran/pages/page_288.webp	277528	e4c1a039f21b3f4edb4faed09ff91e6c7f7cba795f734bacc93bef954c480b79	-
quran_pages	quran/pages/page_289.webp	272600	28dd8ceb8d5a26d506e6412894b17ca1b426435e1ace0d7a8ff8cadd4d730a19	-
quran_pages	quran/pages/page_290.webp	276502	ef74e8cf66a5b13683f4235ff90d1ea607790f62742f560ff7dab1229b78773e	-
quran_pages	quran/pages/page_291.webp	293082	ced9e8c6b8e253800ca277d2605076c50b65e6325cb4105b3ddbdea6cfe2bd3c	-
quran_pages	quran/pages/page_292.webp	337740	62d3be49d0ce91f8e140d21241db736f5253879c8d8ccc19a7da1504860d46e4	-
quran_pages	quran/pages/page_293.webp	269638	81bacb87aaddd56d689d1d2f40f929d5d239472ec7c9c3661f499800c73cbbc8	-
quran_pages	quran/pages/page_294.webp	283004	a3a11979f6ad2b594c98c97a7db3787a7e2c1870b81523eda3db689b8039f31c	-
quran_pages	quran/pages/page_295.webp	316584	23cedeb760e8ea1b8068e2ae86284da6657dec1c7e9c0c40f29682742c9e73e9	-
quran_pages	quran/pages/page_296.webp	260852	696b9b3585ace04e1aa48dff1ad1cabfd296b5704aaf60a7bbd3453abbae7045	-
quran_pages	quran/pages/page_297.webp	287396	913b162243908eb2658f7c7ea1fdc69cfd8f09318eb0893dc72613c41df22f1c	-
quran_pages	quran/pages/page_298.webp	299862	53ebda113b71db0444f143f5cd331562bbfd16f73def5e2a46c10244e5b70b58	-
quran_pages	quran/pages/page_299.webp	293650	1cfd89fd9ffd7194044dd460435572b21e81e20ec365327ec9d20640e7418859	-
quran_pages	quran/pages/page_300.webp	282354	d6bee4160d89129947b3a46bd4f21877d5651f39ef1eec91eaa1ae4c90c457f7	-
quran_pages	quran/pages/page_301.webp	330842	da7ab975b9ea29221de208d082fdc6e631066339873965be6c4bd364ec79cec6	-
quran_pages	quran/pages/page_302.webp	331390	235f9e3fb662d35054cf3a0ad83de432019fcbf339cee2225190817bcce4d5f6	-
quran_pages	quran/pages/page_303.webp	300926	5bae920e69121ce67bbf77ef94528a57810d31a1909afa2373fa49e5fe535cd8	-
quran_pages	quran/pages/page_304.webp	283914	8af91d406a295fc56e079539bafbf42f9479a039b582d24109c7340dc459e447	-
quran_pages	quran/pages/page_305.webp	306834	ebe0a3b3861486a40be6bdbcfdf4921515683d45da26cc150112c5431eac6782	-
quran_pages	quran/pages/page_306.webp	278900	42f145ac37f44d46b72f520da9f9c7afb4f852341759cde82d8f1a781b8ebd08	-
quran_pages	quran/pages/page_307.webp	325404	7b7d784633ac95dbdbf877ef856790377d01e5e9fc7fc431744630a7c87b3597	-
quran_pages	quran/pages/page_308.webp	344314	19d5479c5c77136827886d8a95d1074082f70fe56f31f6a524ce25ebecb19cef	-
quran_pages	quran/pages/page_309.webp	291434	c20aa9a6352187eb9dcdc9de827fc953703e801ed75434c58a6c47c67fb75e94	-
quran_pages	quran/pages/page_310.webp	291472	56dd80c3328dcd88bcc6925b75790e9dc54c04b6d7bbe3b0c9053096e9348fcf	-
quran_pages	quran/pages/page_311.webp	330372	149b1149dbadd185bd517a0a786a0653d4d8d813d753affea1b33330e6c1af30	-
quran_pages	quran/pages/page_312.webp	322210	26ba079860376e43a1dc71331c0a626a872d45a47df4266047d8976fc560383a	-
quran_pages	quran/pages/page_313.webp	333124	7994e82d708d65883a6e06ac7041ab385524e82e3e4ae8fe99f70266f3c84e34	-
quran_pages	quran/pages/page_314.webp	283528	ad0f7a996c22e3a252ef829099bc42aef7d51a1c782aa4df98df5d2dc5d0c385	-
quran_pages	quran/pages/page_315.webp	339542	279035a42c63b2ebc4ffa4663d44d6c7592e54de4d8964fef6a3a41de9fc02a7	-
quran_pages	quran/pages/page_316.webp	306820	321781ded53ba49d28588a5e0c7a1c01cb1a8be39c7d4e28c683dfa6d3b9263c	-
quran_pages	quran/pages/page_317.webp	318992	1c6f6a521a77c1afc64a2d4ee66da47fe4fe25e03614216ae0d96f5b0086387f	-
quran_pages	quran/pages/page_318.webp	323494	5fc831342a2c10be2ee96592e5182a9bc091365c9d26047d6f7bb5c2cd8409b7	-
quran_pages	quran/pages/page_319.webp	312098	0715986ab682c64244e1fd730fec1fb452716f79a16b5c08e6686207d9c00d1c	-
quran_pages	quran/pages/page_320.webp	330582	bf8baec881fb0484dc65651ce69e5efbacf0f6536e22faf5866e21b36c11a10e	-
quran_pages	quran/pages/page_321.webp	291794	1e1d48b79f86821384909fcc919250b19ae67712fc78392e33d93313d8dbc29b	-
quran_pages	quran/pages/page_322.webp	329108	f5a2787f4217d37fc3fd1cc385712199d06d26fb5e2bd151ede3a0d5b3a929bc	-
quran_pages	quran/pages/page_323.webp	282442	953aa6ee627aab6f86749e678da4e356c2c4a20e86e5852da08def9555f7eb60	-
quran_pages	quran/pages/page_324.webp	268614	876cc99afb91dccc7090e63e430b12212ebb5483da831bc0f6bea7dede4bd4e0	-
quran_pages	quran/pages/page_325.webp	294270	ec353e1a39fcf6ef4716a933de897309b34ff820dc4b7aa9e0839590303c0809	-
quran_pages	quran/pages/page_326.webp	278428	042b913194d128ebef7288e164c0c4e525214fbd5b29d0c689b3a12803bede52	-
quran_pages	quran/pages/page_327.webp	279776	4673944b1834b6501234524b2b6ef2c58b529c99e542ba5e803f9305616a8ea8	-
quran_pages	quran/pages/page_328.webp	275642	1cb5543ebeb9ec48764cf7410fd2d84af1f86e1a226fe05a1aaadd8fd1797f54	-
quran_pages	quran/pages/page_329.webp	271856	6d67503751d7227e339dbc02a83e6874373f58243988a8fab87cd8db07b1275f	-
quran_pages	quran/pages/page_330.webp	270476	d0c9a5e50fb9433fd85bd4d99bf1debbdc17be67f0b82ecb52d95d8774cb6c0e	-
quran_pages	quran/pages/page_331.webp	308160	0b35884d6bd92409a2d2bd0606df044e45a8d6980239b923e1a462a3e57702f9	-
quran_pages	quran/pages/page_332.webp	291446	626ffdf954fb588855cbba011921650013e96f106594ca812bd87d431b464bfc	-
quran_pages	quran/pages/page_333.webp	286972	8717dbdb36840839136ab7dc9fbc9a1277433879c0eb25bc440da609f066a14f	-
quran_pages	quran/pages/page_334.webp	304892	d7170e5bba0b714b9c06e159604c86fb1fd1dbbac65034655b2dfa143304ef2f	-
quran_pages	quran/pages/page_335.webp	293100	796ad02c54c27b39d9877bc5a0630826600fdd815bdba6275a2db013597520e4	-
quran_pages	quran/pages/page_336.webp	312344	042d80ad2d032e859bfdffea6006d9af9437be893b25c5e92bc93f1450451c95	-
quran_pages	quran/pages/page_337.webp	283952	6a59eed6ae995140731d0fb53b87c51a23a10d3fb51ffb90e7f406c2e7870ade	-
quran_pages	quran/pages/page_338.webp	307204	096f693997ce4acbe6797a3bf325dba7dcccdc704c96afc20801712061ca6a48	-
quran_pages	quran/pages/page_339.webp	254696	5b82cc4ffdf1caebf3d4e078a898b92d797be03423224e60ec19460a5a739ede	-
quran_pages	quran/pages/page_340.webp	275298	8c6e44e52ad390885fe1337fdebb797fcd0966484d928af8661939d4e48c7cb9	-
quran_pages	quran/pages/page_341.webp	336574	1e148fd8ceea267d4fa5c61848ea7c695c91430219d678823450a939d53136ef	-
quran_pages	quran/pages/page_342.webp	333698	0be52196e492a3725299b9c2eea3d86c1bc0a6acebc7516c7f5bf331ddc2d12e	-
quran_pages	quran/pages/page_343.webp	308128	9fc2aa16cc8df3c63ec9c95e62105370637af59c9ce8c0d4d950ebc31480abd4	-
quran_pages	quran/pages/page_344.webp	309678	daafd26accb99fad291540ec49094a2cd8c9892a93f2aaa948b9f66f2b892153	-
quran_pages	quran/pages/page_345.webp	314714	bc7e927989750fb063d642b860df879960ba713319536e8407bcfe321e6caa51	-
quran_pages	quran/pages/page_346.webp	311892	4b0bd0605922e92a9e45e4f16fc630f29c96f337895daafa001118d4d470face	-
quran_pages	quran/pages/page_347.webp	314694	22af0c01058b8a3068ad11b38a5db90f84c00b72802e8191cb055d8d469cc23e	-
quran_pages	quran/pages/page_348.webp	266198	3d615b6b8d6fd57619588117271a28e3b57080740e02b272545f5ef01a7b55a6	-
quran_pages	quran/pages/page_349.webp	330110	41084bc26f2849638a388fae1bb6062ce4c52b11aa08092890707f9ef1f1c899	-
quran_pages	quran/pages/page_350.webp	300434	8c80e8b0763a66a80978e276ac4f58e04ea47001ea24381c5fb17cb83a41bb9d	-
quran_pages	quran/pages/page_351.webp	306290	fdf821b76d64b9aa5ad1e96284b7e1033f4a52bb622a8109574db464cb45b35a	-
quran_pages	quran/pages/page_352.webp	278548	baeecd14b9b00f27e43232803123596ae9c4dd8e9314cba14cba58bb3cde84d6	-
quran_pages	quran/pages/page_353.webp	329020	9822a46a9f2bb9c0e182e6b5e1dec6c5f24abf63fe605612733cfd74a0360071	-
quran_pages	quran/pages/page_354.webp	286110	a4835bce1b56ac5733294b8b77e780c6359ce62179283a05b50184e37e7dfe00	-
quran_pages	quran/pages/page_355.webp	325886	057320cd657121db3dc5568a0ff6a1139eeac65927bf71118e73881bcc4456fc	-
quran_pages	quran/pages/page_356.webp	327696	b4eda255bdd248a56e197155e0c40cff5908ddf9d1e39d18456ae2baaa9caec4	-
quran_pages	quran/pages/page_357.webp	278908	694f63003d4c440c446fb70810c5d4b096107b3cf4686ca106a42d7963009555	-
quran_pages	quran/pages/page_358.webp	323514	8ae436fd71f6cb1bea56e66f715381795fed295a4f7a08e20cdbdaf98342fcf8	-
quran_pages	quran/pages/page_359.webp	320512	94c22417724103522cf4b8b5bd40b3476d974fb589c97667af7805f23165e11d	-
quran_pages	quran/pages/page_360.webp	298078	0e00b0891b910bef6626e92633b3b4da3cf18ff441af4c36ca3f209e0bc11e77	-
quran_pages	quran/pages/page_361.webp	299888	35facec594cde96f2fa87bee8215f43fd95a2689e6292ca240319cbe1c7ba0d7	-
quran_pages	quran/pages/page_362.webp	315708	b199cbfa6dc44240531bc9581cc03c9ca6248bbd90dc72c1918dd5ea4bbcd910	-
quran_pages	quran/pages/page_363.webp	285138	7aebb5b63dd94c90d2c47acca12fa8dbdd9c552e226de6f818c5ee00d7c610e1	-
quran_pages	quran/pages/page_364.webp	286436	34a99121425a0461634ac302811934535742b0bc4cc895a45517185ee6fc41df	-
quran_pages	quran/pages/page_365.webp	290158	2b9643e2294208e80c111acb15973f3b891e5f472c017db780039b70f6c958b5	-
quran_pages	quran/pages/page_366.webp	351888	9d0c14ad55edb98542521b336c603b6ddf1d63ccb401b42ead3b66f0e633eb5d	-
quran_pages	quran/pages/page_367.webp	331858	3be5d1dc8819d13464d276e64803a52aa20d781e7749f1bd64c1c80c33afae7d	-
quran_pages	quran/pages/page_368.webp	322150	3af7638ff0c6d11357aa4dea55790d4e37656160c06a0da4303590c11f9d1da0	-
quran_pages	quran/pages/page_369.webp	329050	282ab75be776d898bd266d7777e1c0ef517f31e443cce8627b3ca2c332fa2f0f	-
quran_pages	quran/pages/page_370.webp	327248	77a8d41400f108c096ec4906a59a2f79b92721a3397f47827d095f8c402a2a80	-
quran_pages	quran/pages/page_371.webp	303414	606d70ec1464d1118780479f4e0f2b8814d503598712139915f986b8f1354a0c	-
quran_pages	quran/pages/page_372.webp	332794	e94f86fd32f82f6333b8caaf9c092c30ad0dd72f73725948883c862ed980d903	-
quran_pages	quran/pages/page_373.webp	346584	77593b5708d61a5c3bc738874a79253578ebe78e4374554afa1a644e58b55a6f	-
quran_pages	quran/pages/page_374.webp	313878	f1fdc2dbffa8cf0314c340e214a038419d3af45685401631e5c41b0d11de682e	-
quran_pages	quran/pages/page_375.webp	291626	57d0d9ca781aacdf00f1bb4fb67dc8da9727d06a68c092ca70756ce32a03f1b9	-
quran_pages	quran/pages/page_376.webp	358576	d4f6c716b582b17d4a5fa98af8c0cf2696f5cc8a36ba1cbde27d5c204e00362d	-
quran_pages	quran/pages/page_377.webp	320390	428f1be82238627ca39811191860bc05661382f9e8acb70b0c10cea101edcd05	-
quran_pages	quran/pages/page_378.webp	316304	f76102c34c59d11cb0b53decb86473aeda37356bd6f3993d421ff1d76e8d4c03	-
quran_pages	quran/pages/page_379.webp	332350	f5eae32ee059aa900e3e5078d262b50aec0f164664d6cea8d83720be2df6dfdf	-
quran_pages	quran/pages/page_380.webp	316666	cce90e1c3cf0825b3ec38a723d52d3dc2f2a1c6524599f0eaa18c1c2668998e0	-
quran_pages	quran/pages/page_381.webp	293820	364fdebbf4049a3dbaa5528f03e938b966e8e661b1a07600b65410e581414d04	-
quran_pages	quran/pages/page_382.webp	297740	5f95e97528636a0240d4e002239edfb9f30ef95205239a54241c04ad2e884120	-
quran_pages	quran/pages/page_383.webp	309094	f93d2651b6cc02bd59948da5f42c832c80f8c5a0fd273114fd129e8d3ca929a3	-
quran_pages	quran/pages/page_384.webp	322276	8869a56137b9ccdc44fbdd96871110b4fb183591070cbbc1fc307e002c942012	-
quran_pages	quran/pages/page_385.webp	303192	4a0439a10d1f9f3c14022451b115ef7d2ace53213f5de5beab923167971a6bdd	-
quran_pages	quran/pages/page_386.webp	295438	49bb952d6ec6648bf64e7b2777c313843d8c7c62d4fd494bab9a17be522ac643	-
quran_pages	quran/pages/page_387.webp	283240	4e72d750404942575769d71cc77ec9651411a7f3d6947fc7e68691c99238e201	-
quran_pages	quran/pages/page_388.webp	276530	a4bc3f5a3b0d9f7fc72e846e0386fc6618cf55d6b1382c36f1f449ec7775121b	-
quran_pages	quran/pages/page_389.webp	282266	76e0e9ebcf9d6eef9f004d17340bb085e3e6648eaa5806c24fbf7494cf72a3f5	-
quran_pages	quran/pages/page_390.webp	270314	64d77c435106761f6a80d8491178c1ba163c8daeb63811363f74d0f6a2a76362	-
quran_pages	quran/pages/page_391.webp	295354	1eefdb5671805b44e2b0cac827d9b87234fe83965d5f5fe1164a851430247bab	-
quran_pages	quran/pages/page_392.webp	332756	7d1347e91dafe13de8d7698b6c824b9ec1e786318709397cc63d7e3fde7acf17	-
quran_pages	quran/pages/page_393.webp	324206	d1eb43270846155baedc22b0c43c9f3138e76f04081ddf89cd4b06e03cb9e5d4	-
quran_pages	quran/pages/page_394.webp	284340	6816be722129d2063893a42ddbf9a1e0aebbe2dfcf7baeb538519f7f0e5a5969	-
quran_pages	quran/pages/page_395.webp	299972	96fe7dfc397676c873a059c9ef4173b893764cce0b644a9d87374d1b8bf00a62	-
quran_pages	quran/pages/page_396.webp	294206	633c089d720fe780d55ccb709b52833f13e56604ac1ae5c0262b3a0bdd7a8199	-
quran_pages	quran/pages/page_397.webp	278976	ed20668acaf2f39642adc549cd005d9e881607dac9194b858a6816dc1198e4a2	-
quran_pages	quran/pages/page_398.webp	276022	be3bf24118960cadaee2aef6372b71016f3f780ddd44db0a402ccbd5fef99a1b	-
quran_pages	quran/pages/page_399.webp	274408	c2bc13ddf354ff220fcbc3997627bfe79b40170714bce96640ce8af4857fede9	-
quran_pages	quran/pages/page_400.webp	274828	83e9201ac0174ccc67977f0ab69838b34e60b8a4b7b962cba7b52c790f6d9044	-
quran_pages	quran/pages/page_401.webp	278930	9768cd735afba0597dd6d9ed257515b917dbed13a171450c4fef4b7feb9ca345	-
quran_pages	quran/pages/page_402.webp	310376	821e747850234d6c25aa11d418f35421cc94641cd0fdf0cd5b62681c4837cdeb	-
quran_pages	quran/pages/page_403.webp	286288	2740ac4578eca58be58cf15c832f56c4ca9ad6fae1429974ff6a218358df32d2	-
quran_pages	quran/pages/page_404.webp	279636	e3d0d2947d4f07df594ccce8fb06c00167c1f80a2779132e1fa1461b7363c1b1	-
quran_pages	quran/pages/page_405.webp	308866	314b67c500d566a85e78ec3d3705882bea977d8fb358f7bfd157f3fecc4230ec	-
quran_pages	quran/pages/page_406.webp	280198	7320f9bc829be171347b7c02a6845666b2c4bab13f9f923e54f155e7c1ed8cc1	-
quran_pages	quran/pages/page_407.webp	292840	c52df88a922bcb2cbec2ab35ca4482e648cddba9b5539690f8fc0a9fe245809f	-
quran_pages	quran/pages/page_408.webp	294444	e67454f9fb9fd0fc2a55687e91b27da1d4a40c1e52dfb91867eb514efcdbfa74	-
quran_pages	quran/pages/page_409.webp	319834	ce085b11b016c6d5ea805472b55d59c2cab52298e23abd5f2d3dd8522d6cbf83	-
quran_pages	quran/pages/page_410.webp	318264	2b0eea950d91b9820d7f8b9898f9cefacfdd96eb67cef1029d41eba8503af9e6	-
quran_pages	quran/pages/page_411.webp	324044	f88915eb3c3773976b5c9916e67d52c40e126a65a557de0edd2cdadf54310cea	-
quran_pages	quran/pages/page_412.webp	276854	6d20144204bf672d2c4a661740a9c6b49713323084b61b73b00222e2daff5793	-
quran_pages	quran/pages/page_413.webp	282316	53d702e442d18dd53c9ca68776ad426aed8a806a7c10fc8485a0297e42fe7169	-
quran_pages	quran/pages/page_414.webp	298154	2102f2874a9865bfad800f6fa199fe0d771e9569bcaaf819919c77e7b59b0e5e	-
quran_pages	quran/pages/page_415.webp	272160	53751e2cd73628dc4bf62f60f5739060af13f365f10aada2d45033e07a09c912	-
quran_pages	quran/pages/page_416.webp	301478	83585bbfb9f9b2c6664fff050be8d7360c7e25be5fca32a4e1f6f6951aca87ca	-
quran_pages	quran/pages/page_417.webp	272640	e40ec4d2c957d14e13b68c4920c06c5d5c39b684af9efaedfb38d04f51076c90	-
quran_pages	quran/pages/page_418.webp	302406	3ed7020a4c9ee90749060571f14d50672e60fd2114a1c05d47eb421dfc1697d8	-
quran_pages	quran/pages/page_419.webp	333096	64a9683d8b6954a2d3cc8b9dc2225a992adb535fec749b277dde99d910305b55	-
quran_pages	quran/pages/page_420.webp	319710	93b8f4d80e20fbbba3390c902a192758bd928c22abb53f1fe99a61b3250f1c4e	-
quran_pages	quran/pages/page_421.webp	280482	4a00aef90ec1667d56ed1a8b03be5531c93fbe586dca5cab26b2d055cd5ddf51	-
quran_pages	quran/pages/page_422.webp	342272	dc007d7bf56d798fe9099c59d9364b4cd6fede570a615fce9e3b01a270d32205	-
quran_pages	quran/pages/page_423.webp	314416	3735965a278fa247405b42ce0eb75e7b9026c573d7dab0e3838dd1adaa9e38c1	-
quran_pages	quran/pages/page_424.webp	283354	9b3203cc27a7984688b21cc07a0bc33fb463af7d8424cc7ee151d5fcbc4ad334	-
quran_pages	quran/pages/page_425.webp	302820	6540440cd0867b87d453af003aee5edd6b8fc4e29eadbfca41f3cb880f82a0ca	-
quran_pages	quran/pages/page_426.webp	323040	7a2827aa1799abfaa8066cb366298fdae0bc6ed84cd4ea46cb9230ea1573244e	-
quran_pages	quran/pages/page_427.webp	319670	1be8e3162e9224e2280b5a6832b2aff24f08628c4162548dfb6f15c9c7931c5f	-
quran_pages	quran/pages/page_428.webp	325638	7292315f44797645ae1adc3c1721692a652ced455c2f9eff2690deab7f55ecf4	-
quran_pages	quran/pages/page_429.webp	320352	85eb7e2ad172dc14dd5c8c351a38441f4644bc08b0febf1e76f5e93174181616	-
quran_pages	quran/pages/page_430.webp	329656	49a542f53492e24a9fbebfb7faea3fb667ff39c89d077dbdc3397e462e34ea37	-
quran_pages	quran/pages/page_431.webp	325600	adf628beb9aed20e008629302b2a536cb19799934cac4a8151cf249eb4811e96	-
quran_pages	quran/pages/page_432.webp	329328	3743b54be445bb94693b93cbdc2f55ce8ac33a95325d98f50dc6dc493c4fbf0e	-
quran_pages	quran/pages/page_433.webp	327436	4c820cf8225456a5165b0aa6dcf85176cd598994ed803b7270c0fb22774eaaac	-
quran_pages	quran/pages/page_434.webp	312946	c875a07fd836b9b1d1e9e666235ca46e6d3b69b71b2a44d8fd3378edc4297f1d	-
quran_pages	quran/pages/page_435.webp	337114	8436dcbff4dfdb5c5c7e7e7921913a714d2a8c6ccb429f152f14ec11898a05f6	-
quran_pages	quran/pages/page_436.webp	316558	4bdfce3e6ba7f6fabecabf433574081e59958f3df9925e751e06a31b500c0efc	-
quran_pages	quran/pages/page_437.webp	286328	ee702f3bf30a60ee5b41a604ee4797f77aa3d4b1f679de703351ad1c4156ab53	-
quran_pages	quran/pages/page_438.webp	342916	f8da7cf1db7be816d7a5abdf6268f340a650b276f9b3b77f8d77be451b08aee5	-
quran_pages	quran/pages/page_439.webp	324328	6e513cfd94c0b3b73bd31b58443aec330bc41ca5b09d757006e0f64ef5bc29c6	-
quran_pages	quran/pages/page_440.webp	313010	b2fe190326094c3436ddc6422bbc4ad4580d82a51a64c50b043487bb0595465f	-
quran_pages	quran/pages/page_441.webp	289304	fd1a2681d5090f2591ba22d1838ec7f57e714009e9069ea8e37bc89958ca2fb4	-
quran_pages	quran/pages/page_442.webp	324856	9cac2d8505d7b336a9e97e17f1d8529829d408f4d9fcbff687f60bc553c6fb61	-
quran_pages	quran/pages/page_443.webp	295540	467fee32a106ff468ede02da2568f726488292da946e9df5660683ead2b45ecb	-
quran_pages	quran/pages/page_444.webp	275582	4dddc5d4c7772a211bb9c5da25c2c6d8896339bbffb8a5804a69562d57b37b2d	-
quran_pages	quran/pages/page_445.webp	333690	e098be5bca3b3e3e137dc662ae36e51fec667a4287cc74d0f2c28016265d2f93	-
quran_pages	quran/pages/page_446.webp	302200	585663612611125bcfcf0de71cad56f5f8aac2e7f67e4fe6d26e3695d66673c8	-
quran_pages	quran/pages/page_447.webp	296360	df6ba727e1d7e7c97dc90f20d08edfb96914cbc2d348142490c87f8134ac462a	-
quran_pages	quran/pages/page_448.webp	341400	926f69e4aa7de1946b03a99bb857b4b0112db6fc8c8df8e9b574fb12504e7162	-
quran_pages	quran/pages/page_449.webp	297854	be9d2eb65afc97893bc59c3454e0e957db6ca7694fd6bc1d2362c4907ffcc259	-
quran_pages	quran/pages/page_450.webp	293228	3a5ce734d4587b4b43e3971e396dc3d28bb1e15c3081de5d5c2a8a55f07442ae	-
quran_pages	quran/pages/page_451.webp	321052	f3ac4689bb43afd36d98293ef93efc135530707ee3ceaecdcf014583a01a97e1	-
quran_pages	quran/pages/page_452.webp	308810	890b775817c74c07e085f3c0b26476a04acd8146ec738a1af7bd38670692746d	-
quran_pages	quran/pages/page_453.webp	312560	ad623502d226515fb33a9f1d2c10045a757206a4a3b1bc65df1b80c0c61848c7	-
quran_pages	quran/pages/page_454.webp	318508	aa0ab0386816ad8a823584700ba29490af6daf308a4b76a3178dfac409e4feaf	-
quran_pages	quran/pages/page_455.webp	293754	3cbcf6fc0635d1ae3dac83fafc4ad564704778ff387d255106910ff875e62c3d	-
quran_pages	quran/pages/page_456.webp	325052	5c8e1e35efbd2b97740717adefa530035c47882d7b98a559509287b203fd165a	-
quran_pages	quran/pages/page_457.webp	303090	4c59a36e97c393b9f33a15d232832ce0858648c37f927d25dba227af2e6bbd34	-
quran_pages	quran/pages/page_458.webp	314896	47a64475e5af4326424097505aae4c92ec22ba1648198e068f04b81bd88690a1	-
quran_pages	quran/pages/page_459.webp	336608	dc4259fa5ef624c90a218a68b6408bbecb169c9d97d3c4c2f4aa47c9c1db0cec	-
quran_pages	quran/pages/page_460.webp	324930	fb7a2a50de7e9775881db9929237e148bda1cea5bc85860d0047a94faea79a41	-
quran_pages	quran/pages/page_461.webp	257668	9393c495840e5e7ca023167970f41e81da7173a40acfe87e5c5d5f533428ef6d	-
quran_pages	quran/pages/page_462.webp	273918	083109b4a695cf6661e12862210ff979f3b64e6c447a436d6a7fa63eb65dda6c	-
quran_pages	quran/pages/page_463.webp	292060	d743bb0ed654db203b02ec16f5d15ce1382dc23b7d723b1f874291541c732193	-
quran_pages	quran/pages/page_464.webp	286828	50483b94cbb966cc1b7fc01a134c62de20cd14e3af4028b6a2085ce87138430a	-
quran_pages	quran/pages/page_465.webp	292608	8f77768f7137af0d6cf2c46fec4e17bb788a79246fdc8ff65ac043acef8ed484	-
quran_pages	quran/pages/page_466.webp	290644	518fc22bf19499c04f57469e6c756c3276785ba834e513c3e3a9b134833dbe9a	-
quran_pages	quran/pages/page_467.webp	287046	742ba4efb389b937a10a3e8ed38e61efa52843b993cdf360fefd4a7d292e909c	-
quran_pages	quran/pages/page_468.webp	263304	81352319417b985360044390e7bc4e65b62a86c0472624a19c32278cc9ece215	-
quran_pages	quran/pages/page_469.webp	284560	2209d83a547626cdaf3da69645105ca7171678cb12b4b55fead21cbdf860f6eb	-
quran_pages	quran/pages/page_470.webp	253116	6ffc3cef44c1ac20c6f46fdfba6e28d0b92d7a0fc6d04ea4eac5af3041cc38eb	-
quran_pages	quran/pages/page_471.webp	252724	4eb9ed3bdb1532c299df3b2615eddfa9a25767a160f7254c8b1cd16b8bcce484	-
quran_pages	quran/pages/page_472.webp	268900	f38b8e373bf04bf1c884075f53ca53cdd3df06a4182106d1eb293430b3f44c28	-
quran_pages	quran/pages/page_473.webp	257044	7857a2908296303a616b39c3a97f979993215fd3a9793ffb532b0ab4bdaf8f93	-
quran_pages	quran/pages/page_474.webp	269926	c1179dcfb8e7c593538e6f7bcf779ba86081e8132740a86294da4eeb2de092fc	-
quran_pages	quran/pages/page_475.webp	250500	4f6eff5cf375444d505551b59c81705f835c0bf349d6114a745823c3463197e7	-
quran_pages	quran/pages/page_476.webp	309286	45f7bfd58af3ff69b818bc10c5e3471e0c472142d8d4a73b3640b6020b4a8aa0	-
quran_pages	quran/pages/page_477.webp	269252	460b98b7e966800b7f79c189b97ba80ea7e9f50247303df8d3fd53a152d9b789	-
quran_pages	quran/pages/page_478.webp	303484	87c96b286a87fc3d0872901d9e8e151423880b1f4a702af49212e08d9b63bca0	-
quran_pages	quran/pages/page_479.webp	294060	9129c000e1630eb862fb8e15d607af0b9398e0f3ca7bd8323d39a7c4d1b2faba	-
quran_pages	quran/pages/page_480.webp	286552	784ef234f133f186f4ed5265e7a793934fce7e5ddf2ee45e1ace1c44d464b2ec	-
quran_pages	quran/pages/page_481.webp	301864	294d60520e97fad98b24349bd2790b8edb9158c45126ff296703ba8cc53557b0	-
quran_pages	quran/pages/page_482.webp	342832	f872bc9f9abb11456e2467d98a18a0932ea4fb47cd0198e9f7066413ecf9ddaa	-
quran_pages	quran/pages/page_483.webp	295672	d12031fd69fe84be36d3d6b98a7ec3e7f2c655f8a1f69c61895fa3448ac88bd1	-
quran_pages	quran/pages/page_484.webp	311968	d70d724558cb5c09326a3ec29f981cd4c1283ba397a7d659c42eb254c0a5418b	-
quran_pages	quran/pages/page_485.webp	304686	da2fc0a5518a02c9c4b3e78019178acaa6292c40772b60f18b20910b9f44d255	-
quran_pages	quran/pages/page_486.webp	335816	18a694826b3844b47b852db15fa8a40e664e655275c08f9729f5409a1dd9aa5a	-
quran_pages	quran/pages/page_487.webp	287662	f8d162404cd803148f40e393f440ae539b2162965cfbf56129a7c462962382d3	-
quran_pages	quran/pages/page_488.webp	306536	62db219802c2ca92b6791df0e798742c045ce10e17542a89e2b45aae12d51216	-
quran_pages	quran/pages/page_489.webp	291594	6ae5a49fdc5d0bf5b1d2b2a810631a6957a1c456edef78238d6d052a3aa5cee6	-
quran_pages	quran/pages/page_490.webp	312100	08623fc9f4f88358dc9ff6f2d703becb8e4826ba4691ccd4a4f490fab4a73446	-
quran_pages	quran/pages/page_491.webp	301674	af519b38258351438c4299c5393c4fee5ce34c06289b5f45483eff3a7a73ee7d	-
quran_pages	quran/pages/page_492.webp	292772	a74242ef29018a42a98295f8618636117b2c5c030d29450002b0168c1e96bcb1	-
quran_pages	quran/pages/page_493.webp	305558	9e07f143f24e1dcf7998a49cd4bbe181794ca0afcf8bfa9c9612bed09f641bbe	-
quran_pages	quran/pages/page_494.webp	299266	6251973feeebf268d38f088beeae6f8a73c00514595e5db69186977f79a99770	-
quran_pages	quran/pages/page_495.webp	324142	d25df30900054c7c821a19c7257bda849af04057c18f725f5afed106e3d5f843	-
quran_pages	quran/pages/page_496.webp	320278	f03ac0f1b5ca1bfca72513f06ccbc64b4ea1ccef1c2c297d13c2c081fc3fda8e	-
quran_pages	quran/pages/page_497.webp	269066	4de136ad537392f85621c1ecffd326556d596cf7aceb4b8665f8edbc92aad27a	-
quran_pages	quran/pages/page_498.webp	355926	a8cd2807c2d26d43d5244ba5bb7b7e91d0706df4fd741ff39571d408a835565c	-
quran_pages	quran/pages/page_499.webp	278984	f5609e2492fe64934a6525aff82ac474bbf0adac1de5eeb6b2a5161bba814be6	-
quran_pages	quran/pages/page_500.webp	330598	cfa0b9fc9e22d028fd415ac9af4b58c8a396c4cac922ca60bfe9023256a7d22d	-
quran_pages	quran/pages/page_501.webp	309054	7ac51f405679c2c55b150a69528c2c70dc09c9bb7e8e44153573d3cf9f9a9628	-
quran_pages	quran/pages/page_502.webp	287276	a23be059c2f0939a8fd0d23a28fd66705baa0a42502990b2da0ae90b12862969	-
quran_pages	quran/pages/page_503.webp	295832	c53a3e7bb7fb2c36d3bdf0188c612ec0827f8d503e8a773dcaf2278aab5d9c68	-
quran_pages	quran/pages/page_504.webp	312206	3d35d9981bde01c7b3c89d9f8b36fd6c8df5e0741ca989aa693605ee35905d17	-
quran_pages	quran/pages/page_505.webp	315914	95dc9b9a7e90979a45fb1518ac8f376f6921640ce6466339fbf5ec38cab3b98c	-
quran_pages	quran/pages/page_506.webp	338822	fb3c780d96c2064bc352a6d3df5bcb7a455697224c825f9b66403bc6d0b9f883	-
quran_pages	quran/pages/page_507.webp	336206	c64ef6f2015d2d6bbbd44e3e3a0ad8e97bc4c40cff93fe42686a396cc945f166	-
quran_pages	quran/pages/page_508.webp	296920	7e832aef2dfd096d1d073ffaebd410153a2a130504c83e73b3ea80092670bc2d	-
quran_pages	quran/pages/page_509.webp	324908	4c471699227dd6550c57899498a6eadac98901dfe50021403d23bbd6a57710f3	-
quran_pages	quran/pages/page_510.webp	309894	9a9b859b38cfcc7617b84b1b36198e215ead960f4570e037ac2ba06b9a343b65	-
quran_pages	quran/pages/page_511.webp	317830	8f00a61f624ef986d8ba0a2d67c55fb9a67734492aa9ba8dba6ca45a8b2cd572	-
quran_pages	quran/pages/page_512.webp	278580	ae5fe7002d5745d0605734a09850622be88f6579f051f612814c805d75a0218a	-
quran_pages	quran/pages/page_513.webp	286904	9530151e9fde39653d831508f65758280e8f2c53066675910fa18bdeceba4c54	-
quran_pages	quran/pages/page_514.webp	337532	e89915aacd8718cff201084b65441c978caf74a07790d227239ba48c1c130a90	-
quran_pages	quran/pages/page_515.webp	302928	78538ce2d49f05e5770fbfa90e8a2acbec98475dd6038f0c9f18909d4c10cf78	-
quran_pages	quran/pages/page_516.webp	335550	582c507236ee649e137dfc0560f394276122f1003686f40b42bf840fee20c2dd	-
quran_pages	quran/pages/page_517.webp	313712	a70df5666b02ff44ee382366e3069ad926a640aa1d764d566cdd115fea05c516	-
quran_pages	quran/pages/page_518.webp	320730	9664d52cd50d8253205c83d69e2d68ad3023663aa0a87f27f607d24089a019aa	-
quran_pages	quran/pages/page_519.webp	302046	d65c386a8e652b2aff9bc38b95995c6c54d3fb158adddd40be04cbddb74fcd33	-
quran_pages	quran/pages/page_520.webp	309048	6702a9b23775c1abd61a1dffff47283b1d0276a196c8be8bc7ff8b82b659520e	-
quran_pages	quran/pages/page_521.webp	347610	b9909aadabc313123601dcfd646dd5fe4781876141df52c3982929a76b561a15	-
quran_pages	quran/pages/page_522.webp	337332	c8e538d31cacbcadba969eb8c1ac5fc46c5b9aa09875bb2d89c00c9b06eb9a0b	-
quran_pages	quran/pages/page_523.webp	332038	371a93e385286cd3c4d560fd50ea2a270c7faed6cb88c198f235705b45e31860	-
quran_pages	quran/pages/page_524.webp	297354	403b2a69d73a21a06c6616f6aa7285a15ecbefb6d5e3b90968b39256be7f4efc	-
quran_pages	quran/pages/page_525.webp	357312	5ffaf96caec0179e46c72290552885d0e97f4601af6254b625ccbd623e14cd17	-
quran_pages	quran/pages/page_526.webp	343028	c142f4cbef985cfbf739b7216615e12b6836f6d03942b146bee28d772d14cc63	-
quran_pages	quran/pages/page_527.webp	310104	39b57389f9e81bd47e71b7a7782f48072cbde49f9d2fcbab709d58a39c59456f	-
quran_pages	quran/pages/page_528.webp	324158	b74dff1bc06fde05fe01cfd0847cad33026bc791e70d5db69798d9507b0cbf5f	-
quran_pages	quran/pages/page_529.webp	312602	58183a5eb998365eb64941b8a8eb764e132bb1ed79a00f818fc3671dc5cc156f	-
quran_pages	quran/pages/page_530.webp	325462	86cc0ab4c1872ec802296f831f4c752d99ad7a3695929d1a3c2971219d9555a2	-
quran_pages	quran/pages/page_531.webp	344086	4ac2f94cfab498417954f129557e156fb4fb3363afdd00b109ddc530a4abd02c	-
quran_pages	quran/pages/page_532.webp	306398	4b920ca833df65c30e9b9f2aeac34215ad1cef81506d5acbd6d364fca05bd35d	-
quran_pages	quran/pages/page_533.webp	305306	3ff5ffdd56850320d3fa734e9572b776ec470ad351917c5c7830f196376c4ad3	-
quran_pages	quran/pages/page_534.webp	315834	eb49e9cd5d2f9530eb53192d4dedb22e2e22da5dd850cc248b0c59611773003e	-
quran_pages	quran/pages/page_535.webp	307022	30067c5cac8dbfe8cfef47ca0bc903780e709b90edc246557718fabdd905ef1f	-
quran_pages	quran/pages/page_536.webp	317748	0fd516db750a6c7f59422244a0d6f32384c530ba5a4d9cae6fe93719aefd52ce	-
quran_pages	quran/pages/page_537.webp	339836	628c9a98b46412c5676e3779e246db7556ad3520bdf5e9a4ce285d95555cee15	-
quran_pages	quran/pages/page_538.webp	315934	6ba8a1085431ff36b3be7bc0f63a4eb8d8ebe45f60dd5ab7d18541a7939c5e70	-
quran_pages	quran/pages/page_539.webp	319962	d9778445a88b0cf8798988a9680edb4c573098b644b582f2f7c1cfeffc2f2e77	-
quran_pages	quran/pages/page_540.webp	313060	40f92eb10902a925e3d16b1640dedc335587404d1d32838f71c7612037cf9b03	-
quran_pages	quran/pages/page_541.webp	312524	cd65ce04e3bd213628738865568ebb60fd53b49991761af107438e3d4bb14a3d	-
quran_pages	quran/pages/page_542.webp	305512	8cc70da81e542bceb672f851b21e870cca88937bf3bd9aa002da2d8ef1f97cca	-
quran_pages	quran/pages/page_543.webp	320802	c92ec6b4505f37ceb58a68b4ab13eb38f1ddbbb84e385270028d85b049932d10	-
quran_pages	quran/pages/page_544.webp	326412	3633282a235c9d270dea48a26ee6ab7cdc74c103c93064c0fe4d1546761dd0bd	-
quran_pages	quran/pages/page_545.webp	294126	1ede04cd01e317d86768b3ab6b458e7972f31b966f01cf9705cf252a1fbedaf6	-
quran_pages	quran/pages/page_546.webp	314146	569bc0c9622997ab7a758d528a03c56f1f4e547103b9aa63f0321007841a2f90	-
quran_pages	quran/pages/page_547.webp	275120	98183ecd919c5413f1da4accdd4bb53a06089391cb78c8cc201b5f6964833b17	-
quran_pages	quran/pages/page_548.webp	340280	bcac309f0090424f8a651d165f5d0e6d456b186e487b13a3054c1246d0d2a9ef	-
quran_pages	quran/pages/page_549.webp	331786	44f5e05a3fec3f8a862dda9ec98d795c9e99a4e78ccb4651fe2314bcca839ce8	-
quran_pages	quran/pages/page_550.webp	303726	d04209616cedea77b170c1ff6d923b89991e0315127ec2f506baa05ca59ef907	-
quran_pages	quran/pages/page_551.webp	344094	cc387b5ce6326c5c25250a7ede61e26ed98c4f0d962d7975e092af37c9cc2dee	-
quran_pages	quran/pages/page_552.webp	330842	bfa46b28defd372e161f3ec38e2e6d4becf474e7ae9e527920d995effb121486	-
quran_pages	quran/pages/page_553.webp	341122	9c522b0743403c050327d9db0c24c1c2d3167c4189d4686083ee411c1d077e70	-
quran_pages	quran/pages/page_554.webp	272084	6b36511ff9e525cd45cc715868ea3a591d47273ea80c55f29e3ddc9b45ecfe10	-
quran_pages	quran/pages/page_555.webp	328542	33bc26ea9ca631f83b5aa3c40dbe873a4efd03380567d7082e3f95664af8d8b3	-
quran_pages	quran/pages/page_556.webp	272602	1e6c463dedbd00d94b95be047e91b5f7b87a08dd6fb3177d49ac4f7cd65907b5	-
quran_pages	quran/pages/page_557.webp	341916	03803ef3c42c7e1640f2d6d2b0e00869c0beaa4392f83db995992661d24f09e6	-
quran_pages	quran/pages/page_558.webp	305896	ca5ee644e167144ebce9ac0b82b43eddf315ea096f9ca2420224a7fc75e20d5e	-
quran_pages	quran/pages/page_559.webp	348812	0086c500155a3117f332096ef867ff11fba29938d2cc718139b660fefe2a692d	-
quran_pages	quran/pages/page_560.webp	309884	706f45fd1dcdfe59b76e2bda348541c02dc9d96520d3af9929081cb7fd87ebd8	-
quran_pages	quran/pages/page_561.webp	285812	d7ee13bf208dc9fc41d808c1b2851b3eb69e36946f9343dd1837a158d36c864a	-
quran_pages	quran/pages/page_562.webp	311754	52b5d6dc8b83446f3639cf4ab5bbc2fd3836ffaa10eed43ac1cfb428f256d32d	-
quran_pages	quran/pages/page_563.webp	320708	3e791fc9c01720fa8e69816f63e751728f4caa90023089bb863fcc818f8e7aca	-
quran_pages	quran/pages/page_564.webp	355698	e766e12277cb2dd5290c49f1e3d44e4ab17eaf35939a4e0ee36c3f6e09d38174	-
quran_pages	quran/pages/page_565.webp	317606	e0ee23971fe5ba3f743a7464d1b9572f478bcb0e37e2656c02bdb60cffc782ba	-
quran_pages	quran/pages/page_566.webp	306162	17f9939f622b4272be3fbc67cf390eeb6bbd810ca6b0fe3bc63538c1a8fbb755	-
quran_pages	quran/pages/page_567.webp	343678	3b68c6eda11f311c2213c9399c78c974f5027eb0a028d441d056dbf375b96f4a	-
quran_pages	quran/pages/page_568.webp	320476	8c983bda6f1ee18a3381476ec4df24eeab97565be5d70c9a516d488961c6c62f	-
quran_pages	quran/pages/page_569.webp	317700	748b93db6260199932c0d0220ca175bbcb7a1cc1c69c2fcbc77d3cb8d30d8cd5	-
quran_pages	quran/pages/page_570.webp	338932	7ef8d9335c96b710474e7a5b6ec98e83d79d1aef60add97545fca82ff399187f	-
quran_pages	quran/pages/page_571.webp	322556	0f22af0d4933357a5964a67b9f4ed0bc6ac78c0cc9f47a61b799526288508efc	-
quran_pages	quran/pages/page_572.webp	329798	e714f00cae53c8a89b368d13746c4492cd4d9ec9abdf3a17015f957934162f3a	-
quran_pages	quran/pages/page_573.webp	322902	d6d7d25f8b2086dab2e3812d6dcc89f68741d331a7489f933eb4ac1e400e3ee6	-
quran_pages	quran/pages/page_574.webp	327740	3b146f3eb7ee858e6b10d34c37e9f744242ed84f3bfadf29c68a69a186de0ff3	-
quran_pages	quran/pages/page_575.webp	356692	4855ce0dc390c31f62de1d008e04a0a9be00b057ea8e3742d3a494928a2b654e	-
quran_pages	quran/pages/page_576.webp	327850	41e38de345c9bfa130d5fbe5283408d8b034a5f4cfdb36f0c3033a3521b0f877	-
quran_pages	quran/pages/page_577.webp	353380	c4d78a1a628867414a33dfe197e2a1f5ff2f29511c0b1c2158054809573504aa	-
quran_pages	quran/pages/page_578.webp	335834	b140eb041a739355e3667e6ae43a393ddb366ed3b1021b7868cf3f062bedc397	-
quran_pages	quran/pages/page_579.webp	316198	b06a8c69c5fb54bc08ff1808ffb2d4d99ae321b681e47974ab5dfb0487ce8167	-
quran_pages	quran/pages/page_580.webp	338976	a09d4102dfb4a2cede498b8958c9d2ae8195db1e3fbdc0ef8b5a806e0190af78	-
quran_pages	quran/pages/page_581.webp	326466	228bf0f759c0a4510a5368a8d43c5a6fb36f43a6a12f5406e0cdc76d9d308916	-
quran_pages	quran/pages/page_582.webp	318144	be2ba0ca92c56a1b676ba33a3c0bd8bbdac59557f9e15749e96d3018650040b0	-
quran_pages	quran/pages/page_583.webp	321688	fda4a9ab2881af8ae3621d4dad7ab265c6d001e577d48d3a396a1ef634197f1c	-
quran_pages	quran/pages/page_584.webp	341664	cd7e17866a6e5b67909e8eb082cd030e3a5fc9f239253e85212f3863ae2245ed	-
quran_pages	quran/pages/page_585.webp	318586	e4a0faf4442890581df3841153b5346b138079901bfced6a6914885b916c1154	-
quran_pages	quran/pages/page_586.webp	336306	f69ed8a86f7102def33af375422bae9943ba57e3316a0250e4403dd017b529b8	-
quran_pages	quran/pages/page_587.webp	300728	5805cafc6034f66343a32c88b9e94f0661668770a6d2a3565f7be683fa0da4f6	-
quran_pages	quran/pages/page_588.webp	319910	f6564878c859f3c6d11fdce6880023ba4bbc80522e1bdab296aa2b15b5d947f4	-
quran_pages	quran/pages/page_589.webp	318240	4bd9a5003aa2af10590587522565b1668dadad85ee58f8c10a9575e943cdfbbb	-
quran_pages	quran/pages/page_590.webp	326938	dd09f45fe46b53bf8c87d07b6bf94143f8527a5f648e09bf12378cddd61eccf0	-
quran_pages	quran/pages/page_591.webp	321902	ca55bfc9d300aadb9d06f7ed696f3a3f1c350fbf3a07b693525b2f4563575ffc	-
quran_pages	quran/pages/page_592.webp	309478	8c3dafe96423f294b2ae622e7621cea53fcde5e51f07113d0c79b114b61f5de4	-
quran_pages	quran/pages/page_593.webp	304606	167f6382fc22773c214dd17397897382d85462da05a6487bc73cf7e2d6f54e79	-
quran_pages	quran/pages/page_594.webp	322858	58f9ac31ec36802759270f78d586715102d1d78fe664bc598d21f8460edef759	-
quran_pages	quran/pages/page_595.webp	323088	4bc37fe995a62d841799103522f9b1827a02362d1aae6e472b22dcc45f71847a	-
quran_pages	quran/pages/page_596.webp	321872	9e74262458652eaea322572b991499196443823c9199ae9d304d9ef0e0d603b9	-
quran_pages	quran/pages/page_597.webp	328234	a5f70b62b7dcedc9b9dfb4606ea40332c3799b46a6255bdc5fcdb19a3d80b49a	-
quran_pages	quran/pages/page_598.webp	298008	c49fcb5703b78483a14e6b985a7c380ecca3a820e574d35f3b94873376d8e352	-
quran_pages	quran/pages/page_599.webp	298914	d1cf3d0de8b8d7a67194e59bef06c799094e6f0b2ebf04c2f643d8156aea7ba3	-
quran_pages	quran/pages/page_600.webp	307266	7111a90ec03e0e03d8ea6695f3ea1c4628b05045fa1d8afe23dc6645f867cd4a	-
quran_pages	quran/pages/page_601.webp	305948	986963ecad734272bf9fa80394e5e2a766a2e6f30fa9c301f99813d71bc7ee0e	-
quran_pages	quran/pages/page_602.webp	289662	2d3be927d5241f3b57b0f6580f93f4d81d6a7e8edd3209e8a4717c5180927fc3	-
quran_pages	quran/pages/page_603.webp	275420	0710ab6cde2f3cf2b05c1ddb1eb0a5da296a96d6c1015ae6f535b7576182b85e	-
quran_pages	quran/pages/page_604.webp	199158	296b81bc7880ae2f55ef42e61434123d8b8eea8aae6469c9e7a9c66af1dee58c	-
quran_pages	quran/pages/page_605.webp	186216	5b3fa42ee79508feae28bea146af6c4f1573c7272db38cd147959e56a1e9ad22	-
quran_pages	quran/pages/page_606.webp	199146	eeffe1888577b8bed27267cf3ef778eb75a05ed15f00f223f9921df99b19ce68	-
quran_pages	quran/pages/page_607.webp	196810	d277f6862677bf049c81246e276f7c9739b461033656763000d17597b4356b13	-
quran_pages	quran/pages/page_608.webp	222860	d5588a7ddb1ca4dec08425f61f3809d9e4d984e978298c8f08ad0fadcbd00fbe	-
quran_pages	quran/pages/page_609.webp	249762	45110e3b60834a4239f404952d4399981b577d160b374b7cea160b3b31da9557	-
quran_pages	quran/pages/page_610.webp	219866	b5def791319d95112bb112169c144c36947f4e0457e2cfb1f60241a3b5fb0668	-
quran_pages	quran/pages/page_611.webp	255220	d888f6345dd8f043edb6f264f8a48b9048b83956fa610456961a7ae995d78885	-
quran_pages	quran/pages/page_612.webp	266994	57302e22009a978580ac4566a61c5d2d6fe3609242300df7784bf8caacb19315	-
quran_pages	quran/pages/page_613.webp	241300	baea7a79dbbec223e49e9f0138572b6e53cc756f6576556e5064401e7d079497	-
quran_pages	quran/pages/page_614.webp	193146	2304529a0ec7de010a0396d59e898f8ab6c793838b90386d2986747c630265fb	-
quran_pages	quran/pages/page_615.webp	193948	c3687dcc334c7b073e546c95c729ef4c9e433622f5efbfb569c155d71d072b36	-
quran_pages	quran/pages/page_616.webp	213436	c8e9d14f36bdb5c462bf8bd4816b663a2968e7dc883807ab2b5beda3995eed02	-
quran_pages	quran/pages/page_617.webp	203584	7476da23b234742551a0a7280b5f0bb982eb5976327dc0c47fbf5e6d19f3c6b3	-
quran_pages	quran/pages/page_618.webp	260004	8bca9076789f911c824580fb789798b28e0ac82af961832bdb9756e9540130f5	-
quran_pages	quran/pages/page_619.webp	191628	91c9cdafe0ad1ea6fa463e826c10f91dd7ae4b9af5ebf999f4fd7bb8d4a84fde	-
quran_pages	quran/pages/page_620.webp	177780	b095dcd11559b63bd0c254c64794b900fce956238e0a5c8f7aaa39ccd521a2cc	-
quran_pages	quran/pages/page_621.webp	178840	99c33a89e42852af821a3915971b7d96f1c20ff95aedf3c3c88c3cb9fad81580	-
quran_hosary_01	quran/audio/hosary/001.mp3	850752	d4bc059e8def368207c9f3b403b55ae019e1a5e3e8c0a971a0bb916203b03466	https://cdn.mp3quran.net/audio/mahmoud-husary/r5/001.mp3
quran_hosary_02	quran/audio/hosary/002.mp3	168398468	b2dcd5e44afee568ed28d82ae5d49b7381db80f20890cf6348c1b1ffce0941f6	https://cdn.mp3quran.net/audio/mahmoud-husary/r5/002.mp3
quran_hosary_03	quran/audio/hosary/003.mp3	94916226	8a406ebd20ad97d694863b059bf4bb9358580f6fa2c888b4d722b2afa0bed39b	https://cdn.mp3quran.net/audio/mahmoud-husary/r5/003.mp3
quran_hosary_04	quran/audio/hosary/004.mp3	108777842	a1e6af4accf22cf03772320efbeb1f5b01cb7df31c27e920fca42b9c1b1a721f	https://cdn.mp3quran.net/audio/mahmoud-husary/r5/004.mp3
quran_hosary_05	quran/audio/hosary/005.mp3	82693848	b89e19dfb3ff84a108f00250ddeecf4e8acd6d8052433a1a69dd41a899761e23	https://cdn.mp3quran.net/audio/mahmoud-husary/r5/005.mp3
quran_hosary_06	quran/audio/hosary/006.mp3	94502028	758b0e78e202135c1f9b165360515940053ea1d1b151cfd2c560f84663c11d85	https://cdn.mp3quran.net/audio/mahmoud-husary/r5/006.mp3
quran_hosary_07	quran/audio/hosary/007.mp3	96807909	b275a539ac4e8cfa4217d088a6b831a2e183d561edc5b1fc870fb94ad353b5a9	https://cdn.mp3quran.net/audio/mahmoud-husary/r5/007.mp3
quran_hosary_08	quran/audio/hosary/008.mp3	36965349	0483527cf36b059cc440748d718bbf32a8ebd5d9fcfeb8d79e5d75ab5bff0c62	https://cdn.mp3quran.net/audio/mahmoud-husary/r5/008.mp3
quran_hosary_09	quran/audio/hosary/009.mp3	74569556	ebf82218c2b43201312c5bbdbae0fd171a0fcb4ce2c7f9f3a3fdc67a145aab5b	https://cdn.mp3quran.net/audio/mahmoud-husary/r5/009.mp3
quran_hosary_10	quran/audio/hosary/010.mp3	48699550	6199d577353922e276509e6871c4e08c4ed6685947e783420bd48a95bd3f30a4	https://cdn.mp3quran.net/audio/mahmoud-husary/r5/010.mp3
quran_hosary_11	quran/audio/hosary/011.mp3	51491935	a3f4494ffefc35abdd8993a37d731f09f6e1572d066d4f2495d17490d9df2847	https://cdn.mp3quran.net/audio/mahmoud-husary/r5/011.mp3
quran_hosary_12	quran/audio/hosary/012.mp3	48808638	9452723e779bb59a1a0996f571c40fa5589e1e6cb43b9a9c7505356391be090f	https://cdn.mp3quran.net/audio/mahmoud-husary/r5/012.mp3
quran_hosary_13	quran/audio/hosary/013.mp3	22828715	5b74f37ad177375b5bf2c998478b7a97f5d2107dfa539ca5117a82b81dd91698	https://cdn.mp3quran.net/audio/mahmoud-husary/r5/013.mp3
quran_hosary_14	quran/audio/hosary/014.mp3	23984372	aa84d4c73364f244decf64c13e2f3d2f4f736e269ceed5405af33d2cd6b4b89b	https://cdn.mp3quran.net/audio/mahmoud-husary/r5/014.mp3
quran_hosary_15	quran/audio/hosary/015.mp3	19504685	5d8d49351fb20521a6aa9f95c5a0f109d6689d6baeeae7ec727670b3461d4a89	https://cdn.mp3quran.net/audio/mahmoud-husary/r5/015.mp3
quran_hosary_16	quran/audio/hosary/016.mp3	51957544	47d0f0f0354bdec3ee63c3dc812ec195e92254b7b98f9a960828b68a5cec3e91	https://cdn.mp3quran.net/audio/mahmoud-husary/r5/016.mp3
quran_hosary_17	quran/audio/hosary/017.mp3	41136163	dba5575a0a90dec9d12a8ddc77e984a441157b5196a1467c9977897c7a1fab36	https://cdn.mp3quran.net/audio/mahmoud-husary/r5/017.mp3
quran_hosary_18	quran/audio/hosary/018.mp3	41097293	4a3b985ac60c36e8acefad57ec8d5c189487cc7ddf1b6c9b8c0a2ecdd72f8027	https://cdn.mp3quran.net/audio/mahmoud-husary/r5/018.mp3
quran_hosary_19	quran/audio/hosary/019.mp3	24081338	65fe0481cf69c926c7fa4d1094b59dd405f1325f7845ff3e180538b35355d4e4	https://cdn.mp3quran.net/audio/mahmoud-husary/r5/019.mp3
quran_hosary_20	quran/audio/hosary/020.mp3	37801684	fb039705a16970138fe630e0ca01fddbe10d3637e41fa8afa7f6af6a93443a26	https://cdn.mp3quran.net/audio/mahmoud-husary/r5/020.mp3
quran_hosary_21	quran/audio/hosary/021.mp3	36644777	844462bd53a84bfe99897628b3eaf4f75f15422d4919a340fa0267599891e003	https://cdn.mp3quran.net/audio/mahmoud-husary/r5/021.mp3
quran_hosary_22	quran/audio/hosary/022.mp3	37096170	8b67f25d1c0315ed4b5bc267296327b8f4b7054a9d634af2bf76eef3b7999da5	https://cdn.mp3quran.net/audio/mahmoud-husary/r5/022.mp3
quran_hosary_23	quran/audio/hosary/023.mp3	30116255	d2190793904a505dde96e48f2e541e8f6bdc1ef818872ddf3cc9d443cf8954e9	https://cdn.mp3quran.net/audio/mahmoud-husary/r5/023.mp3
quran_hosary_24	quran/audio/hosary/024.mp3	40909210	f068ec1c53fd68948310540975ebdbe17c5bee620613b0b79af5696aed531def	https://cdn.mp3quran.net/audio/mahmoud-husary/r5/024.mp3
quran_hosary_25	quran/audio/hosary/025.mp3	25557572	e147572dd892325151a550486298be32bf30e843d5940497383efa9bf320614b	https://cdn.mp3quran.net/audio/mahmoud-husary/r5/025.mp3
quran_hosary_26	quran/audio/hosary/026.mp3	36792736	de98927c0d4017f1d247e8d8d44c1969cd02cc4a75b619308ba97edbb909e507	https://cdn.mp3quran.net/audio/mahmoud-husary/r5/026.mp3
quran_hosary_27	quran/audio/hosary/027.mp3	31688614	3610cd5549463b3bc345a694ccc6e64591ca6058f6709a3776210afda6713a29	https://cdn.mp3quran.net/audio/mahmoud-husary/r5/027.mp3
quran_hosary_28	quran/audio/hosary/028.mp3	39124526	92a00d55edc85adfc6ba82f7ffc3a4037d5d5a63376f5327169e92cc307dd6df	https://cdn.mp3quran.net/audio/mahmoud-husary/r5/028.mp3
quran_hosary_29	quran/audio/hosary/029.mp3	28026877	86e08b36a3cde220dcbc97dbf209d11d6876b6bd5dd9724784593015ab67b948	https://cdn.mp3quran.net/audio/mahmoud-husary/r5/029.mp3
quran_hosary_30	quran/audio/hosary/030.mp3	24292409	af203173db46342209f761ee324e6b61f9e926d5ac94fc6c3fa28494a23aa1e0	https://cdn.mp3quran.net/audio/mahmoud-husary/r5/030.mp3
quran_hosary_31	quran/audio/hosary/031.mp3	15049420	238762a3e42f6e7a14a073beefa52d693ed18d552b3024f610badff1afbe8030	https://cdn.mp3quran.net/audio/mahmoud-husary/r5/031.mp3
quran_hosary_31	quran/audio/hosary/032.mp3	10920643	51cad6fea9f6c7f7147725151ff48670c69a166a4e208a7b8bb5cfa7f13905d2	https://cdn.mp3quran.net/audio/mahmoud-husary/r5/032.mp3
quran_hosary_32	quran/audio/hosary/033.mp3	39476449	cec7bc8d63891cc478dec446753ea11e3b14a134c597ae23321fea288c047fea	https://cdn.mp3quran.net/audio/mahmoud-husary/r5/033.mp3
quran_hosary_33	quran/audio/hosary/034.mp3	25711795	4fd05b161169217d8ab09c985f068e338d9fab88fbf89c825404d3cd36baaf65	https://cdn.mp3quran.net/audio/mahmoud-husary/r5/034.mp3
quran_hosary_34	quran/audio/hosary/035.mp3	24032017	e39b8922b487ba06f4ca806a2ed4c531dd70f9c435b197466551ceebac135d91	https://cdn.mp3quran.net/audio/mahmoud-husary/r5/035.mp3
quran_hosary_35	quran/audio/hosary/036.mp3	21275161	026612eb03f15e79cb164c5bb1beaa6d547185113c5eeed40c46d42dbb54ded6	https://cdn.mp3quran.net/audio/mahmoud-husary/r5/036.mp3
quran_hosary_36	quran/audio/hosary/037.mp3	27057628	54ed4a949d04f0fb5f587aea34eeda0a059588a0e6373d4ff0bf03ee2fc7f774	https://cdn.mp3quran.net/audio/mahmoud-husary/r5/037.mp3
quran_hosary_37	quran/audio/hosary/038.mp3	21512557	0d3d2f68ad18ceb16618a3d88300721c5bff3069110476b21ea168437332091d	https://cdn.mp3quran.net/audio/mahmoud-husary/r5/038.mp3
quran_hosary_38	quran/audio/hosary/039.mp3	32458913	42ca977803898e0a7c9ee52a62a300b2bd97669cb63aeaddcf9a211aff734090	https://cdn.mp3quran.net/audio/mahmoud-husary/r5/039.mp3
quran_hosary_39	quran/audio/hosary/040.mp3	33580714	aaf9a6a50a5ccd2d33de109619f3e8b3deefc1154e0fcd8cb844e4d7e8b71c1d	https://cdn.mp3quran.net/audio/mahmoud-husary/r5/040.mp3
quran_hosary_40	quran/audio/hosary/041.mp3	23434757	db14ca4c331f8a0e3bea3d8767aa9140a5d8f282a90bdc4a7c35a729fc31bc1b	https://cdn.mp3quran.net/audio/mahmoud-husary/r5/041.mp3
quran_hosary_41	quran/audio/hosary/042.mp3	20744354	28b8fc8c6f417d4feea14d33918d11fffd7a7693ea52bc6f0a2ae3d9087d0f03	https://cdn.mp3quran.net/audio/mahmoud-husary/r5/042.mp3
quran_hosary_42	quran/audio/hosary/043.mp3	23662964	2714769a2b9f49ab2d0e4cfa1c5c386d0a1cc6137aa548e115778a5d7294b732	https://cdn.mp3quran.net/audio/mahmoud-husary/r5/043.mp3
quran_hosary_43	quran/audio/hosary/044.mp3	11333585	892f45f0a96396adc4e4e43631d115e61a6be39ad00278626d639c63737a91a6	https://cdn.mp3quran.net/audio/mahmoud-husary/r5/044.mp3
quran_hosary_43	quran/audio/hosary/045.mp3	14593668	aa9339780392cb65af08396927c39ccc95319de8928af8f276086251a574b832	https://cdn.mp3quran.net/audio/mahmoud-husary/r5/045.mp3
quran_hosary_44	quran/audio/hosary/046.mp3	18467312	1c936ea2a2564093f778d97c99778ba939792396b0f7d005c2c60860e7a7f294	https://cdn.mp3quran.net/audio/mahmoud-husary/r5/046.mp3
quran_hosary_45	quran/audio/hosary/047.mp3	17671935	d45cc4474a89aa458008fe59527b3a761a62bcf44783d288e21e7204c067e3b9	https://cdn.mp3quran.net/audio/mahmoud-husary/r5/047.mp3
quran_hosary_46	quran/audio/hosary/048.mp3	15669492	30cd10218e6b78fcc242aafa608c68606bc32157e076078bf63a728b32521bdc	https://cdn.mp3quran.net/audio/mahmoud-husary/r5/048.mp3
quran_hosary_46	quran/audio/hosary/049.mp3	11435986	79659a6e425b89c418f35e0d633ded60fa03fb98d7f3c38ebc8f31f11acbac83	https://cdn.mp3quran.net/audio/mahmoud-husary/r5/049.mp3
quran_hosary_47	quran/audio/hosary/050.mp3	11204430	cc4cd706c4c024792d01a735b710ecb3403d28b8febde77b39e8fe0c45744e19	https://cdn.mp3quran.net/audio/mahmoud-husary/r5/050.mp3
quran_hosary_47	quran/audio/hosary/051.mp3	10052124	2f65461f4d8d8c10dd9c90be6bb7a38bad0e2f7e6ff0ba35b433cf3ecbbc4be0	https://cdn.mp3quran.net/audio/mahmoud-husary/r5/051.mp3
quran_hosary_48	quran/audio/hosary/052.mp3	9785044	98ae8381a3da3dfbff90fa4ee17d678af63b7af43a1a7cfa106def484a8a5361	https://cdn.mp3quran.net/audio/mahmoud-husary/r5/052.mp3
quran_hosary_48	quran/audio/hosary/053.mp3	11023458	92bf5ce3afadab237e5d048f75d626c837fdade623991b965c462613a11fe036	https://cdn.mp3quran.net/audio/mahmoud-husary/r5/053.mp3
quran_hosary_49	quran/audio/hosary/054.mp3	10580004	30b1dc22e5bd6eb5edc5ef2d4159e48ed0d8aa4a74fd8a579db5ddbc7e5c1599	https://cdn.mp3quran.net/audio/mahmoud-husary/r5/054.mp3
quran_hosary_49	quran/audio/hosary/055.mp3	13430905	7a3e489c59ccaa071ebafbfdfa5b8ee10e86cca7f9082f8f44dbb7d301be1b10	https://cdn.mp3quran.net/audio/mahmoud-husary/r5/055.mp3
quran_hosary_50	quran/audio/hosary/056.mp3	13534142	814118a377c5ae7c3951c60dcf24b0a70e5d56ce6a774dde04fe2e0616ed17ae	https://cdn.mp3quran.net/audio/mahmoud-husary/r5/056.mp3
quran_hosary_50	quran/audio/hosary/057.mp3	16361215	e0304ac3607cb42476643214d193bcb088894f191f9b533727756055cdadc515	https://cdn.mp3quran.net/audio/mahmoud-husary/r5/057.mp3
quran_hosary_51	quran/audio/hosary/058.mp3	13942908	b1a85de2d14f097137304bea4c0ca1f089aec345d3b6319029e5752082d411e9	https://cdn.mp3quran.net/audio/mahmoud-husary/r5/058.mp3
quran_hosary_51	quran/audio/hosary/059.mp3	14417759	f43760ae3643198ce3bb7e91c4a947a0f25c446e450df7d0f638d4636907cab9	https://cdn.mp3quran.net/audio/mahmoud-husary/r5/059.mp3
quran_hosary_52	quran/audio/hosary/060.mp3	11114161	4925321a0745b62d713cf0aabdd55e4033747771383d227eba5260e4b4fc6e9e	https://cdn.mp3quran.net/audio/mahmoud-husary/r5/060.mp3
quran_hosary_52	quran/audio/hosary/061.mp3	6801652	29730f1eaf57a380127430aa6f4dd6f223ec769d3a967fe389e2cfe7a4aa50aa	https://cdn.mp3quran.net/audio/mahmoud-husary/r5/061.mp3
quran_hosary_52	quran/audio/hosary/062.mp3	5372653	33ece35cbcb07f92ee0c84e6cc0f8074ba311e5303092fefa7a88430bc201edd	https://cdn.mp3quran.net/audio/mahmoud-husary/r5/062.mp3
quran_hosary_52	quran/audio/hosary/063.mp3	5815691	54540b2dbcd00e1ea2cce23bbfc109bc7e2ee205f01fd17948215c8bf98bd96b	https://cdn.mp3quran.net/audio/mahmoud-husary/r5/063.mp3
quran_hosary_53	quran/audio/hosary/064.mp3	7699014	5d47f5919fea06fe0687f217a4146a90f3cab3247334d8f339aa89e18f62bc17	https://cdn.mp3quran.net/audio/mahmoud-husary/r5/064.mp3
quran_hosary_53	quran/audio/hosary/065.mp3	7434861	f9f5e526d375687f454d3b9441b8a9137d10fe9e8ae688737dd117c45779d4fa	https://cdn.mp3quran.net/audio/mahmoud-husary/r5/065.mp3
quran_hosary_53	quran/audio/hosary/066.mp3	7767140	2d426a48eab9c263b2e8cb626f5821f0475183a019509c3a45219fdd46ea63da	https://cdn.mp3quran.net/audio/mahmoud-husary/r5/066.mp3
quran_hosary_54	quran/audio/hosary/067.mp3	9527582	9083999af77d7a3823d81cac2e1dcb48f10598fd7e6270c2b7bafebc1f8845c0	https://cdn.mp3quran.net/audio/mahmoud-husary/r5/067.mp3
quran_hosary_54	quran/audio/hosary/068.mp3	9415570	970f85727699ebb9222bc58462699b96dabff58fcefd4e3a572f10aa78494ade	https://cdn.mp3quran.net/audio/mahmoud-husary/r5/068.mp3
quran_hosary_54	quran/audio/hosary/069.mp3	7995345	02b57d6da1ca710d47aef61d5be70a073d71bfe94f51e73e9389f1ec507770ca	https://cdn.mp3quran.net/audio/mahmoud-husary/r5/069.mp3
quran_hosary_55	quran/audio/hosary/070.mp3	6760695	b84b9839607642c2ea05dbcc295ef7bcbcded8e8443c8d9f20adc71b2da3496c	https://cdn.mp3quran.net/audio/mahmoud-husary/r5/070.mp3
quran_hosary_55	quran/audio/hosary/071.mp3	6745642	e685f9de280daddb7506ac213245f574c876a7160b982b7911f69f9ab54cd1cb	https://cdn.mp3quran.net/audio/mahmoud-husary/r5/071.mp3
quran_hosary_55	quran/audio/hosary/072.mp3	7731611	8deb758a1315979c5c4d131beda950d3f0e492931a9f0fa5a8bcbb665eb9897d	https://cdn.mp3quran.net/audio/mahmoud-husary/r5/072.mp3
quran_hosary_55	quran/audio/hosary/073.mp3	5831574	263e83a357ed569e10a1aaedfdd789cfcfd0751489cc75ca5e0298a6e044caa2	https://cdn.mp3quran.net/audio/mahmoud-husary/r5/073.mp3
quran_hosary_56	quran/audio/hosary/074.mp3	7862439	ff140f4aa90f677c47c24812d68939401792fbd4ce6871520c9ac24b4cd487eb	https://cdn.mp3quran.net/audio/mahmoud-husary/r5/074.mp3
quran_hosary_56	quran/audio/hosary/075.mp3	4555124	ba18c1f6af8229a6f19302d81c5318c7667748f0a8947da48317216b5f513957	https://cdn.mp3quran.net/audio/mahmoud-husary/r5/075.mp3
quran_hosary_56	quran/audio/hosary/076.mp3	7494211	89a4ffb1d7b7ce0ba0510db657eb26d0d2b2f567c740c9f36efc65f7aa3eef4f	https://cdn.mp3quran.net/audio/mahmoud-husary/r5/076.mp3
quran_hosary_56	quran/audio/hosary/077.mp3	6305538	ca42bd5ff67cdde6c36245afe4a7530b9376e931c1a295b20d4342378da28987	https://cdn.mp3quran.net/audio/mahmoud-husary/r5/077.mp3
quran_hosary_57	quran/audio/hosary/078.mp3	6168863	9de5c7da844db28e33dc640342fbc008a202ae8ee6195312a58239df7a5f8ec3	https://cdn.mp3quran.net/audio/mahmoud-husary/r5/078.mp3
quran_hosary_57	quran/audio/hosary/079.mp3	5938569	33fb462e7594e8b9d7088f81735ff2860c9b2b15f5ee4e59e56e1808ab28e038	https://cdn.mp3quran.net/audio/mahmoud-husary/r5/079.mp3
quran_hosary_57	quran/audio/hosary/080.mp3	4584795	96776627edfc63aea030ac93ca2e2cd54ebf2c80f45737e2630ecb7f650d59f8	https://cdn.mp3quran.net/audio/mahmoud-husary/r5/080.mp3
quran_hosary_57	quran/audio/hosary/081.mp3	3303754	72482ddcdedeadc6362de870531aa027f64436a86b1dad572b1e8ae76c030d83	https://cdn.mp3quran.net/audio/mahmoud-husary/r5/081.mp3
quran_hosary_57	quran/audio/hosary/082.mp3	2687265	7c6fac4efb1735ea443422327adebe47383c80c4fa76607e88fec64f46a46c40	https://cdn.mp3quran.net/audio/mahmoud-husary/r5/082.mp3
quran_hosary_57	quran/audio/hosary/083.mp3	5931885	250afcd273da5114e8121852b79a3c4044d68e0aaaad53968013614a48ab30fa	https://cdn.mp3quran.net/audio/mahmoud-husary/r5/083.mp3
quran_hosary_58	quran/audio/hosary/084.mp3	3646900	8c1e34eb52d521c6d7454c2cd5e2128ff03c5d1d53b5a5a2267dd20e7666dbe4	https://cdn.mp3quran.net/audio/mahmoud-husary/r5/084.mp3
quran_hosary_58	quran/audio/hosary/085.mp3	3353072	16b4edcf18b723fc1255b796d9a83822a9db30bbfbb653aacd404282fe180e16	https://cdn.mp3quran.net/audio/mahmoud-husary/r5/085.mp3
quran_hosary_58	quran/audio/hosary/086.mp3	2132631	f34f4b71bc46e252f576abee79d80e21813ed7ebc5f92426a9e795d2eac908d8	https://cdn.mp3quran.net/audio/mahmoud-husary/r5/086.mp3
quran_hosary_58	quran/audio/hosary/087.mp3	2437740	0910535f5956930f20f4a131f9a7b44808a92f840a4d651203999cb24b1569bb	https://cdn.mp3quran.net/audio/mahmoud-husary/r5/087.mp3
quran_hosary_58	quran/audio/hosary/088.mp3	3159143	17e8b0e5e766a0fef2e92abb44dbdebb209834e7af6902ef87d09182d5fe743f	https://cdn.mp3quran.net/audio/mahmoud-husary/r5/088.mp3
quran_hosary_58	quran/audio/hosary/089.mp3	4473619	659d4c1b10ea1610846381613d0391102a18ceae4890f1a5ef22bfa1a998e625	https://cdn.mp3quran.net/audio/mahmoud-husary/r5/089.mp3
quran_hosary_58	quran/audio/hosary/090.mp3	2381735	72c0641f5c5b397d8d5786638454af2fb14c87af9ec8148c4431a7dff814cdef	https://cdn.mp3quran.net/audio/mahmoud-husary/r5/090.mp3
quran_hosary_58	quran/audio/hosary/091.mp3	2019783	9746f186de41c7ad717f49b067767a7abae31bf6b7388651e5440f2240cd818b	https://cdn.mp3quran.net/audio/mahmoud-husary/r5/091.mp3
quran_hosary_58	quran/audio/hosary/092.mp3	2603670	d0c5ded9f5c3a510304c152a50c0acade160d6c411c4652cc5988aabe2b2a3cd	https://cdn.mp3quran.net/audio/mahmoud-husary/r5/092.mp3
quran_hosary_58	quran/audio/hosary/093.mp3	1451356	d7b608b422769277fb75412852e523b9aa42b0390c666eaca2c16909241880e6	https://cdn.mp3quran.net/audio/mahmoud-husary/r5/093.mp3
quran_hosary_58	quran/audio/hosary/094.mp3	880008	dc61b919be3e64b3d378ebbee1d8bbae54a0a3a6f0947639465925ee98bfefce	https://cdn.mp3quran.net/audio/mahmoud-husary/r5/094.mp3
quran_hosary_58	quran/audio/hosary/095.mp3	1165053	4bf86683e8abe470e578daafe8cda065eefe86e39e6d1fd48f44bb75f51f3834	https://cdn.mp3quran.net/audio/mahmoud-husary/r5/095.mp3
quran_hosary_59	quran/audio/hosary/096.mp3	2247152	934caa43909de7d4cef76c31c141dc85acf7fc9655396117736198d903016e0e	https://cdn.mp3quran.net/audio/mahmoud-husary/r5/096.mp3
quran_hosary_59	quran/audio/hosary/097.mp3	951477	5e5d1d39f7aeb575efd92e0b2772ed06bcd0757a013f0a57e0bf140b08dc8cec	https://cdn.mp3quran.net/audio/mahmoud-husary/r5/097.mp3
quran_hosary_59	quran/audio/hosary/098.mp3	2972314	eb54a10f95c1d71160de4a4153f1e19590c385ee6763d3872e26df613dd4fa88	https://cdn.mp3quran.net/audio/mahmoud-husary/r5/098.mp3
quran_hosary_59	quran/audio/hosary/099.mp3	1300895	f5e12779d78dbcb6e70452f0b4a40216d7bc1a1267512e25df3239599c924d08	https://cdn.mp3quran.net/audio/mahmoud-husary/r5/099.mp3
quran_hosary_59	quran/audio/hosary/100.mp3	1398279	461f6ab1352be90960510a03fc7f04b0edc5882850508be4046537c17c1253f4	https://cdn.mp3quran.net/audio/mahmoud-husary/r5/100.mp3
quran_hosary_59	quran/audio/hosary/101.mp3	1305492	cc2857b2ab9b01aa72e6b4af5974d103aeb6017af594ace22225f6aae41be688	https://cdn.mp3quran.net/audio/mahmoud-husary/r5/101.mp3
quran_hosary_59	quran/audio/hosary/102.mp3	1088572	36de1cbc70b883fae16858b6553183848041b061142c85c04688f7247a81af20	https://cdn.mp3quran.net/audio/mahmoud-husary/r5/102.mp3
quran_hosary_59	quran/audio/hosary/103.mp3	615856	9663f49b9f128d4cbb91705f638f3137ce25ab7e04a47632bd5ab7fee3b67d80	https://cdn.mp3quran.net/audio/mahmoud-husary/r5/103.mp3
quran_hosary_59	quran/audio/hosary/104.mp3	1247395	523392949b8b9fd54da0009a221138596546b072d3924e99e1923f930ab6bff8	https://cdn.mp3quran.net/audio/mahmoud-husary/r5/104.mp3
quran_hosary_59	quran/audio/hosary/105.mp3	858689	b81ec00e4eeb750570929a5d28486858aa65b2546b60442712baa4316e4bae8b	https://cdn.mp3quran.net/audio/mahmoud-husary/r5/105.mp3
quran_hosary_59	quran/audio/hosary/106.mp3	698612	0624d9d6688dd331ceb25af0fcbd7ae09f760b3d24edbb26e21a996471d812b8	https://cdn.mp3quran.net/audio/mahmoud-husary/r5/106.mp3
quran_hosary_59	quran/audio/hosary/107.mp3	859109	bd6d0b2f841e2225b34bcf37a3d75599e810a316500a2f968348255ca58c07e8	https://cdn.mp3quran.net/audio/mahmoud-husary/r5/107.mp3
quran_hosary_59	quran/audio/hosary/108.mp3	432793	d35714954f87044ab5e90553e81817ec403cf2a3f8a6f37fb062795db6abdfd5	https://cdn.mp3quran.net/audio/mahmoud-husary/r5/108.mp3
quran_hosary_59	quran/audio/hosary/109.mp3	783461	1569a949a9520167007a5a2e320ce1b1d8b9834f47c1831988bd00c26cba4157	https://cdn.mp3quran.net/audio/mahmoud-husary/r5/109.mp3
quran_hosary_59	quran/audio/hosary/110.mp3	663921	14abd5ab24722ddf290115baf0f39e761eae544e8eee52abe349f00f0079d4e2	https://cdn.mp3quran.net/audio/mahmoud-husary/r5/110.mp3
quran_hosary_59	quran/audio/hosary/111.mp3	727452	481d732a5b0a6511e4a20b6877d0207a20c26c0663e1e4749e48c44d8daebe8e	https://cdn.mp3quran.net/audio/mahmoud-husary/r5/111.mp3
quran_hosary_59	quran/audio/hosary/112.mp3	470408	ccf1f644bde95fb450e0c635848e2fe9865f6feeb3a7120eb951cfd60f327f65	https://cdn.mp3quran.net/audio/mahmoud-husary/r5/112.mp3
quran_hosary_59	quran/audio/hosary/113.mp3	659743	1cb1f25e536cf98930e820bb66ef661063421292e1b7c5835b494bb9b576e2d1	https://cdn.mp3quran.net/audio/mahmoud-husary/r5/113.mp3
quran_hosary_59	quran/audio/hosary/114.mp3	835284	58fd4658dae929162b44acf2b0f706cb65da642df2ee7388ad0d8bc6f0287458	https://cdn.mp3quran.net/audio/mahmoud-husary/r5/114.mp3
