governorate,delegation,name
تونس,قرطاج,سيدي بوسعيد
تونس,قرطاج,أميلكار
تونس,قرطاج,قرطاج بيرصا
تونس,قرطاج,قرطاج الشاطئ
تونس,قرطاج,الياسمينة
تونس,قرطاج,حي محمد علي
تونس,المدينة,المدينة
تونس,المدينة,الحفصية
تونس,المدينة,باب البنات
تونس,المدينة,سوق النحاس
تونس,المدينة,الأسواق
تونس,المدينة,باب المنارة
تونس,المدينة,تربة الباي
تونس,المدينة,الزرارعية
تونس,المدينة,سيدي علي عزوز
تونس,المدينة,التوفيق
تونس,المدينة,الصباغين
تونس,المدينة,سيدي بومنديل
تونس,باب البحر,باب البحر
تونس,باب البحر,الحدائق
تونس,باب البحر,بحيرة تونس
تونس,باب البحر,المنجي سليم
تونس,باب البحر,الحبيب ثامر
تونس,باب البحر,الطيب المهيري
تونس,باب البحر,الهادي شاكر
تونس,باب البحر,سيدي البحري
تونس,باب سويقة,ترنجة
تونس,باب سويقة,باب الخضراء
تونس,باب سويقة,باب سعدون
تونس,باب سويقة,برج زوارة
تونس,باب سويقة,باب العسل
تونس,باب سويقة,الحلفاوين
تونس,باب سويقة,باب سويقة
تونس,باب سويقة,باب سيدي عبد السلام
تونس,باب سويقة,الزاوية البكرية
تونس,باب سويقة,حمام الرميمي
تونس,باب سويقة,سيدي الجبالي
تونس,العمران,العمران
تونس,العمران,الجبل الأحمر
تونس,العمران,حي الزياتين
تونس,العمران,راس الطابية
تونس,العمران,بئر عتيق
تونس,العمران,وادي السبعي
تونس,العمران الأعلى,حي بن خلدون الأول
تونس,العمران الأعلى,الرمانة
تونس,العمران الأعلى,حي بن خلدون الثاني
تونس,العمران الأعلى,حي بن خلدون السادس
تونس,العمران الأعلى,حي الانطلاقة
تونس,العمران الأعلى,العمران الأعلى
تونس,العمران الأعلى,النسيم
تونس,العمران الأعلى,أحمد التليلي
تونس,العمران الأعلى,الصديق
تونس,التحرير,التحرير الأول
تونس,التحرير,التحرير الثاني
تونس,التحرير,التحرير الثالث
تونس,التحرير,التحرير العلوي
تونس,التحرير,الحديقة
تونس,المنزه,غرة جوان
تونس,المنزه,المنزه
تونس,المنزه,الفتح
تونس,المنزه,المنار
تونس,المنزه,المنار(1)
تونس,حي الخضراء,حي الخضراء
تونس,حي الخضراء,خير الدين باشا
تونس,حي الخضراء,حي الحدائق
تونس,حي الخضراء,حي السلام
تونس,حي الخضراء,علي البلهوان
تونس,حي الخضراء,فرحات حشاد
تونس,حي الخضراء,الشرقية
تونس,حي الخضراء,البحيرة
تونس,باردو,باردو
تونس,باردو,باردو الشمالي
تونس,باردو,باردو الجنوبي
تونس,باردو,الحديقة
تونس,باردو,بوشوشة
تونس,باردو,الاقامة الطيبة
تونس,باردو,خزندار
تونس,باردو,الفتح
تونس,باردو,قصر السعيد
تونس,باردو,قصر السعيد الثاني
تونس,باردو,البساتين
تونس,باردو,السعادة
تونس,باردو,قصر البرطال
تونس,باردو,ابن سيناء
تونس,السيجومي,حي هلال
تونس,السيجومي,علي البلهوان
تونس,السيجومي,النجاح
تونس,السيجومي,حي الشهداء
تونس,السيجومي,بئر عنيبة
تونس,السيجومي,الملاسين
تونس,الزهور,الزهور
تونس,الزهور,الزهور الرابع
تونس,الزهور,السعادة
تونس,الزهور,السمران
تونس,الزهور,حي الطيران
تونس,الزهور,باش حانبة
تونس,الحرائرية,الحرائرية
تونس,الحرائرية,الزهور الخامس
تونس,الحرائرية,العقبة
تونس,الحرائرية,العقبة العليا
تونس,الحرائرية,غدير القلة
تونس,الحرائرية,العنتيت
تونس,الحرائرية,الفلة
تونس,الحرائرية,طارق بن زياد
تونس,الحرائرية,الزهروني
تونس,سيدي حسين,برج شاكير
تونس,سيدي حسين,الجيارة
تونس,سيدي حسين,سيدي حسين
تونس,سيدي حسين,25 جويلية
تونس,سيدي حسين,14 جانفي
تونس,سيدي حسين,20 مارس
تونس,سيدي حسين,عطار
تونس,سيدي حسين,بيرين
تونس,سيدي حسين,مغيرة انزال
تونس,الوردية,الوردية
تونس,الوردية,بوقطفة
تونس,الوردية,الطاهر صفر
تونس,الوردية,حي الازدهار
تونس,الوردية,حي محمد علي
تونس,الوردية,سيدي بلحسن
تونس,الكبارية,الكبارية(1)
تونس,الكبارية,الكبارية(2)
تونس,الكبارية,الكبارية(3)
تونس,الكبارية,الكبارية(4)
تونس,الكبارية,حي النور
تونس,الكبارية,ابن سيناء(1)
تونس,الكبارية,ابن سيناء(2)
تونس,الكبارية,المروج(2)
تونس,سيدي البشير,سيدي البشير
تونس,سيدي البشير,سيدي منصور
تونس,سيدي البشير,معقل الزعيم
تونس,سيدي البشير,فرحات حشاد
تونس,سيدي البشير,أبو القاسم الشابي
تونس,سيدي البشير,السيدة المنوبية
تونس,جبل الجلود,سيدي فتح الله
تونس,جبل الجلود,علي باش حانبة
تونس,جبل الجلود,القرجومة
تونس,جبل الجلود,حي الفتح
تونس,جبل الجلود,السبخاء
تونس,جبل الجلود,الافران
تونس,جبل الجلود,جبل الجلود
تونس,حلق الوادي,حلق الوادي
تونس,حلق الوادي,حلق الوادي كازينو
تونس,حلق الوادي,خير الدين
تونس,حلق الوادي,الطيب المهيري
تونس,حلق الوادي,حي السلامة
تونس,الكرم,الكرم الشرقي
تونس,الكرم,الرياض
تونس,الكرم,البحيرة
تونس,الكرم,سيدي فرج
تونس,الكرم,الكرم الغربي
تونس,الكرم,سيدي عمر
تونس,الكرم,البئر الحلو
تونس,المرسى,المرسى الشاطئ
تونس,المرسى,المرسى المدينة
تونس,المرسى,المرسى الحدائق
تونس,المرسى,المرسى الرياض
تونس,المرسى,الرميلة
تونس,المرسى,المرسى المنتزه
تونس,المرسى,قمرت
تونس,المرسى,قمرت العليا
تونس,المرسى,سيدي داود
تونس,المرسى,البحر الازرق
أريانة,أريانة المدينة,أريانة الجديدة
أريانة,أريانة المدينة,أريانة العليا
أريانة,أريانة المدينة,أريانة المدينة
أريانة,أريانة المدينة,المنزه الخامس
أريانة,أريانة المدينة,المنزه السادس
أريانة,أريانة المدينة,التعمير
أريانة,أريانة المدينة,الياسمينة
أريانة,أريانة المدينة,النصر1
أريانة,أريانة المدينة,النصر2
أريانة,سكرة,سكرة
أريانة,سكرة,دار فضال
أريانة,سكرة,البساتين
أريانة,سكرة,شطرانة
أريانة,سكرة,برج الوزير
أريانة,سكرة,النسيم
أريانة,سكرة,التعمير الخامس
أريانة,رواد,جعفر
أريانة,رواد,النخيلات
أريانة,رواد,المدينة الفاضلة
أريانة,رواد,الغزالة
أريانة,رواد,رواد
أريانة,رواد,برج الطويل
أريانة,رواد,سيدي عمر بو خطيوة
أريانة,قلعة الأندلس,قلعة الاندلس
أريانة,قلعة الأندلس,قلعة الأندلس الغربية
أريانة,قلعة الأندلس,قنطرة بنزرت
أريانة,قلعة الأندلس,بوحنش
أريانة,قلعة الأندلس,الحسيان
أريانة,قلعة الأندلس,النحلي
أريانة,سيدي ثابت,سيدي ثابت
أريانة,سيدي ثابت,بجاوة
أريانة,سيدي ثابت,المنجي سليم
أريانة,سيدي ثابت,سبالة بن عمار
أريانة,سيدي ثابت,شرفش
أريانة,حي التضامن,حي التضامن
أريانة,حي التضامن,ابن خلدون
أريانة,حي التضامن,9 أفريل
أريانة,حي التضامن,18 جانفي
أريانة,حي التضامن,2 مارس
أريانة,حي التضامن,المنجي سليم
أريانة,حي التضامن,التضامن 4
أريانة,حي التضامن,أبو القاسم الشابي
أريانة,حي التضامن,خير الدين باشا
أريانة,المنيهلة,المنيهلة
أريانة,المنيهلة,الرفاهة
أريانة,المنيهلة,النصر
أريانة,المنيهلة,البساتين
أريانة,المنيهلة,15 أكتوبر
منوبة,منوبة,منوبة
منوبة,منوبة,منوبة الوسطى
منوبة,منوبة,سيدي عمر
منوبة,منوبة,الدندان
منوبة,منوبة,قصر السعيد
منوبة,منوبة,الدندان الجنوبي
منوبة,وادي الليل,وادي الليل
منوبة,وادي الليل,السعيدة
منوبة,وادي الليل,الرياض
منوبة,وادي الليل,حي الورد
منوبة,وادي الليل,النجاة
منوبة,وادي الليل,صنهاجة
منوبة,وادي الليل,القباعة
منوبة,طبربة,طبربة
منوبة,طبربة,الانصارين
منوبة,طبربة,الدخيلة
منوبة,طبربة,الملاحة
منوبة,طبربة,أحواز طبربة
منوبة,طبربة,الرجاء
منوبة,طبربة,الشويقي
منوبة,البطان,البطان
منوبة,البطان,برج التومي
منوبة,البطان,المهرين
منوبة,البطان,العروسية
منوبة,الجديدة,الجديدة
منوبة,الجديدة,الجديدة حشاد
منوبة,الجديدة,شواط
منوبة,الجديدة,المنصورة
منوبة,الجديدة,الزاهرة
منوبة,الجديدة,الحبيبية
منوبة,المرناقية,المرناقية
منوبة,المرناقية,المرناقية الشمالية
منوبة,المرناقية,20 مارس
منوبة,المرناقية,بورقبة
منوبة,المرناقية,الفجة
منوبة,المرناقية,سيدي علي الحطاب
منوبة,المرناقية,حميم
منوبة,المرناقية,البساتين
منوبة,برج العامري,برج العامري
منوبة,برج العامري,منزل الحبيب
منوبة,برج العامري,برج النور
منوبة,برج العامري,المساعدين
منوبة,دوار هيشر,دوار هيشر
منوبة,دوار هيشر,خالد بن الوليد
منوبة,دوار هيشر,حي الرياض
منوبة,دوار هيشر,حي النسيم
منوبة,دوار هيشر,حي الشباب
بن عروس,بن عروس,بن عروس الشرقية
بن عروس,بن عروس,حي ابن عرفة
بن عروس,بن عروس,المهيري
بن عروس,بن عروس,بن عروس الغربية
بن عروس,بن عروس,سيدي بن عروس
بن عروس,بن عروس,حي الإسكان
بن عروس,المدينة الجديدة,المدينة الجديدة1
بن عروس,المدينة الجديدة,المدينة الجديدة 2
بن عروس,المدينة الجديدة,سيدي مصباح
بن عروس,المدينة الجديدة,الياسمينات
بن عروس,المدينة الجديدة,الرابطة
بن عروس,المروج,المروج(1)
بن عروس,المروج,المروج(3)
بن عروس,المروج,المروج(4)
بن عروس,المروج,المروج(5)
بن عروس,المروج,بئر القصعة
بن عروس,المروج,فرحات حشاد
بن عروس,حمام الأنف,حمام الأنف المدينة
بن عروس,حمام الأنف,حمام الأنف المدينة 2
بن عروس,حمام الأنف,حمام الأنف بوقرنين
بن عروس,حمام الأنف,فرحات حشاد
بن عروس,حمام الأنف,حمام الأنف الملعب
بن عروس,حمام الأنف,حي محمد علي
بن عروس,حمام الشط,بئر الباي
بن عروس,حمام الشط,برج السدرية
بن عروس,حمام الشط,حمام الشط
بن عروس,بومهل البساتين,بومهل
بن عروس,بومهل البساتين,البساتين
بن عروس,بومهل البساتين,البساتين الغربية
بن عروس,بومهل البساتين,شالة
بن عروس,الزهراء,الزهراء المدينة
بن عروس,الزهراء,حي الحبيب
بن عروس,الزهراء,18 جانفي
بن عروس,الزهراء,برج الوزير
بن عروس,رادس,رادس المدينة
بن عروس,رادس,رادس الملاحة
بن عروس,رادس,الطيب المهيري
بن عروس,رادس,رادس رمادة
بن عروس,رادس,المنجي سليم
بن عروس,رادس,رادس الغابة
بن عروس,رادس,رادس مليان
بن عروس,رادس,نوبو
بن عروس,مقرين,مقرين العليا
بن عروس,مقرين,مقرين الرياض
بن عروس,مقرين,جوهرة
بن عروس,مقرين,منزل مبروك
بن عروس,مقرين,مقرين شاكر
بن عروس,مقرين,مقرين شاكر2
بن عروس,مقرين,سيدي رزيق
بن عروس,مقرين,سيدي رزيق2
بن عروس,المحمدية,المحمدية
بن عروس,المحمدية,المنجي سليم
بن عروس,المحمدية,حي السعادة
بن عروس,المحمدية,حي النسيم
بن عروس,المحمدية,سيدي فرج
بن عروس,فوشانة,فوشانة
بن عروس,فوشانة,حي المستقبل
بن عروس,فوشانة,الهضاب
بن عروس,فوشانة,المغيرة
بن عروس,فوشانة,نعسان
بن عروس,فوشانة,شبدة
بن عروس,فوشانة,دوار الحوش
بن عروس,مرناق,مرناق
بن عروس,مرناق,مرناق الغربية
بن عروس,مرناق,الخليدية
بن عروس,مرناق,الزاوية
بن عروس,مرناق,جبل الرصاص
بن عروس,مرناق,سيدي سالم القارصي
بن عروس,مرناق,الكبوطي
بن عروس,مرناق,عين رقاد
بن عروس,مرناق,القنة
بن عروس,مرناق,سيدي سعد
بن عروس,مرناق,السلام
بن عروس,مرناق,الرسالة
بن عروس,مرناق,أوذنة
بن عروس,مرناق,القصيبي
نابل,نابل,الأسواق
نابل,نابل,النور
نابل,نابل,بئر شلوف
نابل,نابل,نيابوليس
نابل,نابل,الحدائق
نابل,نابل,الهادي شاكر
نابل,دار شعبان الفهري,دار شعبان
نابل,دار شعبان الفهري,الفهري
نابل,دار شعبان الفهري,الفرينين
نابل,دار شعبان الفهري,عمرون
نابل,بني خيار,بني خيار
نابل,بني خيار,ديار بن سالم
نابل,بني خيار,المعمورة
نابل,بني خيار,الصمعة
نابل,بني خيار,حلفاء
نابل,قربة,بني عياش
نابل,قربة,قرعة ساسي
نابل,قربة,ديار الحجاج
نابل,قربة,قربة الشرقية
نابل,قربة,قربة الغربية
نابل,قربة,تازركة
نابل,قربة,بوجريدة
نابل,قربة,بولدين
نابل,منزل تميم,الوديان
نابل,منزل تميم,الرعينين
نابل,منزل تميم,بني عبد العزيز
نابل,منزل تميم,الصقالبة
نابل,منزل تميم,علي البلهوان
نابل,منزل تميم,الطيب المهيري
نابل,منزل تميم,منزل حر
نابل,منزل تميم,عصفور
نابل,منزل تميم,لزدين
نابل,الميدة,تافلون
نابل,الميدة,الميدة
نابل,الميدة,فرتونة
نابل,الميدة,أم ذويل
نابل,الميدة,لبنة
نابل,الميدة,القرشين
نابل,قليبية,وادي الخطف
نابل,قليبية,ملول
نابل,قليبية,أزمور
نابل,قليبية,قليبية الشرقية
نابل,قليبية,قليبية الغربية
نابل,حمام الأغزاز,حمام الغزاز
نابل,حمام الأغزاز,دار علوش
نابل,حمام الأغزاز,حارة الشعراء
نابل,حمام الأغزاز,وزدرة
نابل,الهوارية,الهوارية الجوفية
نابل,الهوارية,الهوارية القبلية
نابل,الهوارية,صاحب الجبل الجوفية
نابل,الهوارية,صاحب الجبل القبلية
نابل,الهوارية,بوكريم
نابل,الهوارية,تزغران الشرقية
نابل,الهوارية,تزغران الغربية
نابل,الهوارية,زاوية المقايز
نابل,تاكلسة,وادي العبيد
نابل,تاكلسة,بئر الزيت
نابل,تاكلسة,العريمة
نابل,تاكلسة,تاكلسة الجوفية
نابل,تاكلسة,تاكلسة الوسطى
نابل,سليمان,المريسة
نابل,سليمان,الشريفات
نابل,سليمان,بوشراي
نابل,سليمان,سليمان
نابل,سليمان,سليمان الجنوبية
نابل,منزل بوزلفة,داموس الحاجة
نابل,منزل بوزلفة,الرحمة
نابل,منزل بوزلفة,منزل بوزلفة الجوفية
نابل,منزل بوزلفة,منزل بوزلفة القبلية
نابل,منزل بوزلفة,منزل بوزلفة الغربية
نابل,بني خلاد,بني خلاد الجوفية
نابل,بني خلاد,بني خلاد الشرقية
نابل,بني خلاد,بني خلاد القبلية
نابل,بني خلاد,زاوية الجديدي
نابل,بني خلاد,القبة الكبيرة
نابل,بني خلاد,بئر دراسن
نابل,قرمبالية,فندق الجديد
نابل,قرمبالية,سماش
نابل,قرمبالية,نيانو
نابل,قرمبالية,تركي
نابل,قرمبالية,خنقة الحجاج
نابل,قرمبالية,قرنبالية الشرقية
نابل,قرمبالية,قرنبالية الغربية
نابل,قرمبالية,جبل طريف
نابل,قرمبالية,عين طبرنق
نابل,بوعرقوب,سيدي الظاهر
نابل,بوعرقوب,المشروحة
نابل,بوعرقوب,برج حفيظ
نابل,بوعرقوب,بوعرقوب الجوفية
نابل,بوعرقوب,بوعرقوب القبلية
نابل,بوعرقوب,بلي
نابل,بوعرقوب,الخروبة
نابل,الحمامات,سيدي الجديدي
نابل,الحمامات,الأطرش
نابل,الحمامات,بئر بورقبة
نابل,الحمامات,براكة الساحل
نابل,الحمامات,ياسمين الحمامات
نابل,الحمامات,الحمامات الجوفية
نابل,الحمامات,الحمامات الشرقية
نابل,الحمامات,الحمامات الغربية
نابل,الحمامات,المرازقة
بنزرت,بنزرت الشمالية,حسن النوري
بنزرت,بنزرت الشمالية,الحبيب بوقطفة
بنزرت,بنزرت الشمالية,الكرنيش
بنزرت,بنزرت الشمالية,المدينة
بنزرت,بنزرت الشمالية,الشيخ إدريس
بنزرت,بنزرت الشمالية,القنال
بنزرت,بنزرت الشمالية,بوبكر باكير
بنزرت,بنزرت الشمالية,عين مريم
بنزرت,بنزرت الشمالية,الحبيب الحداد
بنزرت,بنزرت الشمالية,المؤتمر
بنزرت,بنزرت الشمالية,الهناء
بنزرت,بنزرت الشمالية,15 أكتوبر
بنزرت,بنزرت الشمالية,جزيرة جالطة
بنزرت,جرزونة,جرزونة الغربية
بنزرت,جرزونة,جرزونة الشرقية
بنزرت,جرزونة,جرزونة الشمالية
بنزرت,جرزونة,جرزونة الجنوبية
بنزرت,بنزرت الجنوبية,تسكراية
بنزرت,بنزرت الجنوبية,فرحات حشاد
بنزرت,بنزرت الجنوبية,مرنيصة
بنزرت,بنزرت الجنوبية,هيشر
بنزرت,بنزرت الجنوبية,سيدي عامر
بنزرت,بنزرت الجنوبية,اللواتة
بنزرت,بنزرت الجنوبية,باب ماطر
بنزرت,بنزرت الجنوبية,حي الجلاء
بنزرت,بنزرت الجنوبية,المصيدة
بنزرت,بنزرت الجنوبية,سيدي أحمد
بنزرت,سجنان,سجنان
بنزرت,سجنان,المعالية
بنزرت,سجنان,العبابسة
بنزرت,سجنان,الحشاشنة
بنزرت,سجنان,السحابنة
بنزرت,سجنان,سيدي مشرق
بنزرت,سجنان,أمادن
بنزرت,سجنان,المشارقة
بنزرت,جومين,أولاد غانم
بنزرت,جومين,السمان
بنزرت,جومين,الشنانة
بنزرت,جومين,تاهنت
بنزرت,جومين,كاف غراب
بنزرت,جومين,بالرايس
بنزرت,جومين,الطواجنية
بنزرت,جومين,بازينة
بنزرت,جومين,رواحة
بنزرت,ماطر,ماطر
بنزرت,ماطر,أحواز ماطر
بنزرت,ماطر,ماطر الجنوبية
بنزرت,ماطر,حي النصر
بنزرت,ماطر,نفات
بنزرت,ماطر,حي الصداقة
بنزرت,ماطر,ترقلاش
بنزرت,ماطر,عرب ماجور
بنزرت,ماطر,بهاية
بنزرت,ماطر,بومخيلة
بنزرت,غزالة,غزالة
بنزرت,غزالة,العرب
بنزرت,غزالة,الذواودة
بنزرت,غزالة,حشاد
بنزرت,غزالة,أولاد الماي
بنزرت,غزالة,سيدي عيسى
بنزرت,غزالة,ركب
بنزرت,غزالة,بوجرير
بنزرت,غزالة,سيدي منصور
بنزرت,منزل بورقيبة,النجاح (1)
بنزرت,منزل بورقيبة,النجاح (2)
بنزرت,منزل بورقيبة,قبطنة (1)
بنزرت,منزل بورقيبة,قبطنة (2)
بنزرت,منزل بورقيبة,حي الثورة
بنزرت,منزل بورقيبة,المدينة
بنزرت,منزل بورقيبة,الشلاغمية
بنزرت,منزل بورقيبة,حي الحدائق
بنزرت,تينجة,تينجة
بنزرت,تينجة,قنقلة
بنزرت,تينجة,الزعرور
بنزرت,أوتيك,أوتيك
بنزرت,أوتيك,أوتيك الجديدة
بنزرت,أوتيك,البسباسية
بنزرت,أوتيك,الحويض
بنزرت,أوتيك,المبطوح
بنزرت,أوتيك,عين غلال
بنزرت,أوتيك,سيدي عثمان
بنزرت,أوتيك,باش حانبة
بنزرت,غار الملح,غار الملح
بنزرت,غار الملح,باجو
بنزرت,غار الملح,عوسجة
بنزرت,غار الملح,الزواوين
بنزرت,منزل جميل,منزل جميل الشرقية
بنزرت,منزل جميل,منزل جميل الغربية
بنزرت,منزل جميل,منزل عبد الرحمان الشرقية
بنزرت,منزل جميل,منزل عبد الرحمان الغربية
بنزرت,منزل جميل,العزيب
بنزرت,العالية,سيدي علي الشباب
بنزرت,العالية,العالية الشمالية
بنزرت,العالية,العالية الجنوبية
بنزرت,العالية,الخيتمين
بنزرت,رأس الجبل,رأس الجبل الشمالية
بنزرت,رأس الجبل,رأس الجبل الجنوبية
بنزرت,رأس الجبل,الماتلين
بنزرت,رأس الجبل,الماتلين الغربية
بنزرت,رأس الجبل,صونين
بنزرت,رأس الجبل,رفراف
بنزرت,رأس الجبل,القرية
زغوان,زغوان,زغوان المدينة
زغوان,زغوان,زغوان الشمالية
زغوان,زغوان,زغوان الجنوبية
زغوان,زغوان,بئر حليمة
زغوان,زغوان,مقرن
زغوان,زغوان,جيملة
زغوان,زغوان,العيثة
زغوان,زغوان,عين الصابون
زغوان,زغوان,وادي الزيت
زغوان,الزريبة,الجوف الشرقية
زغوان,الزريبة,الجوف الغربية
زغوان,الزريبة,الزريبة الحمام الجنوبية
زغوان,الزريبة,الزريبة الحمام الشمالية
زغوان,الزريبة,الزريبة القرية
زغوان,الزريبة,بوعشير
زغوان,الزريبة,جرادو
زغوان,الزريبة,عين الباطرية
زغوان,بئر مشارقة,بئر مشارقة
زغوان,بئر مشارقة,بئر مشارقة المحطة
زغوان,بئر مشارقة,دلائل العروس
زغوان,بئر مشارقة,سمنجة
زغوان,بئر مشارقة,جبل الوسط
زغوان,بئر مشارقة,عين الصفصاف
زغوان,بئر مشارقة,بوشة
زغوان,بئر مشارقة,عين عسكر
زغوان,الفحص,أحواز الفحص
زغوان,الفحص,جوقار
زغوان,الفحص,بئر مقرة
زغوان,الفحص,أم الابواب
زغوان,الفحص,أولاد الزوابي
زغوان,الفحص,الفحص
زغوان,الفحص,الدروع
زغوان,الفحص,الغريفات
زغوان,الفحص,بنت سعيدان
زغوان,الفحص,العمايم الشمالية
زغوان,الفحص,العمايم الجنوبية
زغوان,الفحص,وادي الخضراء
زغوان,الفحص,تليل الصالحي
زغوان,الناظور,الناظور
زغوان,الناظور,عين البطوم
زغوان,الناظور,صوار
زغوان,الناظور,بئر الشاوش
زغوان,الناظور,سوغاس
زغوان,صواف,صواف الشرقية
زغوان,صواف,صواف الغربية
زغوان,صواف,الحميرة
زغوان,صواف,الدغافلة الشرقية
زغوان,صواف,الدغافلة الغربية
سوسة,سوسة المدينة,بوجعفر
سوسة,سوسة المدينة,المدينة
سوسة,سوسة المدينة,على البلهوان
سوسة,سوسة المدينة,محمد معروف
سوسة,سوسة المدينة,خزامة
سوسة,الزاوية القصيبة الثريات,زاوية سوسة
سوسة,الزاوية القصيبة الثريات,قصيبة سوسة
سوسة,الزاوية القصيبة الثريات,الثريات
سوسة,سوسة الرياض,الزهور
سوسة,سوسة الرياض,حي الرياض
سوسة,سوسة الرياض,حمام معروف
سوسة,سوسة جوهرة,وادي بليبان
سوسة,سوسة جوهرة,سهلول
سوسة,سوسة جوهرة,حشاد
سوسة,سوسة جوهرة,الهادي شاكر
سوسة,سوسة جوهرة,بوحسينة
سوسة,سوسة جوهرة,محمد القروي
سوسة,سوسة سيدي عبد الحميد,الطيب المهيري
سوسة,سوسة سيدي عبد الحميد,إبن خلدون
سوسة,سوسة سيدي عبد الحميد,قصيبة الشط
سوسة,سوسة سيدي عبد الحميد,سيدي عبد الحميد
سوسة,حمام سوسة,المدينة
سوسة,حمام سوسة,القنطاوي
سوسة,حمام سوسة,بئر موسى
سوسة,حمام سوسة,سهلول
سوسة,حمام سوسة,الغرابي
سوسة,أكودة,أكودة الشرقية
سوسة,أكودة,أكودة الغربية
سوسة,أكودة,شط مريم
سوسة,أكودة,شط الرمان
سوسة,أكودة,الفقاعية
سوسة,أكودة,الطنطانة
سوسة,القلعة الكبرى,الجرابعة
سوسة,القلعة الكبرى,الزعارنة الغربية
سوسة,القلعة الكبرى,الزعارنةالشرقية
سوسة,القلعة الكبرى,أولاد محمد
سوسة,القلعة الكبرى,السد الغربي
سوسة,القلعة الكبرى,بلعوم
سوسة,سيدي بوعلي,سيدي بوعلي
سوسة,سيدي بوعلي,السد القبلي
سوسة,سيدي بوعلي,السد الجوفي
سوسة,سيدي بوعلي,الشويشة
سوسة,سيدي بوعلي,وريمة
سوسة,سيدي بوعلي,منزل المحطة
سوسة,سيدي بوعلي,المهاذبة
سوسة,هرقلة,هرقلة
سوسة,هرقلة,العريبات
سوسة,هرقلة,السويح
سوسة,النفيضة,النفيضة
سوسة,النفيضة,الفــرادة
سوسة,النفيضة,قريميط الشرقية
سوسة,النفيضة,قـريميط الغربية
سوسة,النفيضة,الشقـارنية
سوسة,النفيضة,أولاد عبدالله
سوسة,النفيضة,تكرونة
سوسة,النفيضة,منزل فاتح
سوسة,النفيضة,القارصي
سوسة,النفيضة,عين مذاكر
سوسة,النفيضة,هيشر
سوسة,النفيضة,منزل دار بلواعر
سوسة,النفيضة,مرابط حشاد
سوسة,بوفيشة,بوفيشة
سوسة,بوفيشة,وادي الخروب
سوسة,بوفيشة,سيدي خليفة
سوسة,بوفيشة,الصفحة
سوسة,بوفيشة,سيدي سعيد
سوسة,بوفيشة,عين الرحمة
سوسة,بوفيشة,المثاليث
سوسة,بوفيشة,السلوم
سوسة,بوفيشة,سيدي مطير
سوسة,كندار,كندار
سوسة,كندار,البئر الجديد
سوسة,كندار,البلالمة
سوسة,كندار,البشاشمة
سوسة,كندار,أولاد العابد
سوسة,كندار,القماطة
سوسة,كندار,أولاد عامر
سوسة,سيدي الهاني,سيدي الهاني المركزية
سوسة,سيدي الهاني,سيدي الهاني الغربية
سوسة,سيدي الهاني,سيدي الهاني الجنوبية
سوسة,سيدي الهاني,أولاد علي بلهاني
سوسة,سيدي الهاني,كروسية الغربية
سوسة,سيدي الهاني,كروسية المركزية
سوسة,مساكن,التوارة الشمالية
سوسة,مساكن,التوارة الجنوبية
سوسة,مساكن,الجديديين
سوسة,مساكن,الجبليين
سوسة,مساكن,الحبيب ثامر
سوسة,مساكن,المردين
سوسة,مساكن,المناعمة
سوسة,مساكن,الغربيين
سوسة,مساكن,الكنائس
سوسة,مساكن,القبليين
سوسة,مساكن,النور
سوسة,مساكن,الفرادي
سوسة,مساكن,البرجين
سوسة,مساكن,بني ربيع
سوسة,مساكن,بني كلثوم
سوسة,مساكن,النجاجرة
سوسة,مساكن,المسعدين
سوسة,القلعة الصغرى,القلعة الصغرى الشرقية
سوسة,القلعة الصغرى,القلعة الصغرى حشاد
سوسة,القلعة الصغرى,القلعة الصغرى المدينة
سوسة,القلعة الصغرى,النقر
سوسة,القلعة الصغرى,وادي ولاية
المنستير,المنستيـر,المدينة
المنستير,المنستيـر,المدينة 2
المنستير,المنستيـر,باب الغربي
المنستير,المنستيـر,الربط
المنستير,المنستيـر,الحلية
المنستير,المنستيـر,الحلية 2
المنستير,المنستيـر,صقانس
المنستير,المنستيـر,خنيس
المنستير,المنستيـر,خنيس الشمالية
المنستير,الوردانيـن,الوردانين الشمالية
المنستير,الوردانيـن,الوردانين الجنوبية
المنستير,الوردانيـن,منزل خير
المنستير,الوردانيـن,سيدي بوعثمان
المنستير,الوردانيـن,وادي الجبس
المنستير,الساحليـن,الساحلين الشرقية
المنستير,الساحليـن,الساحلين الغربية
المنستير,الساحليـن,سيدي عامر
المنستير,الساحليـن,معتمر
المنستير,الساحليـن,مسجد عيسى
المنستير,زرمديـن,المزاوغة
المنستير,زرمديـن,منزل الحياة
المنستير,زرمديـن,المليشات
المنستير,زرمديـن,زرمدين الشمالية
المنستير,زرمديـن,زرمدين الجنوبية
المنستير,بنـي حسان,بني حسان القبلية
المنستير,بنـي حسان,بني حسان الجوفية
المنستير,بنـي حسان,حاتم
المنستير,بنـي حسان,الجنائحة
المنستير,بنـي حسان,الغنادة
المنستير,جمـال,جمال القبلية
المنستير,جمـال,جمال الجوفية
المنستير,جمـال,جمال الشرقية
المنستير,جمـال,جمال الغربية
المنستير,جمـال,زاوية قنطش
المنستير,جمـال,بئر الطيب
المنستير,جمـال,منزل كامل
المنستير,جمـال,الهدادرة
المنستير,جمـال,الطيايرة
المنستير,بنبلة,بنبلة
المنستير,بنبلة,بنبلـةالغربية
المنستير,بنبلة,المنارة
المنستير,بنبلة,منزل النور
المنستير,بنبلة,المصدور
المنستير,بنبلة,منزل حرب
المنستير,المكنين,المكنين الشرقية
المنستير,المكنين,المكنين القبلية
المنستير,المكنين,المكنين الجوفية
المنستير,المكنين,راس الواديّ
المنستير,المكنين,المكنين الغربية
المنستير,المكنين,خير الدين
المنستير,المكنين,سيدي بنور
المنستير,المكنين,منزل فارسي
المنستير,المكنين,الشراحيل
المنستير,المكنين,عميرة الفحول
المنستير,المكنين,عميرة الحجاج
المنستير,المكنين,عميرة التوازرة
المنستير,المكنين,عميرة التوازرة الجنوبية
المنستير,البقالطة,البقالطة الشمالية
المنستير,البقالطة,البقالطة الجنوبية
المنستير,البقالطة,البقالطة الشرقية
المنستير,البقالطة,البغدادي
المنستير,طبلبة,حومة السوق
المنستير,طبلبة,الفضلين
المنستير,طبلبة,العيايشة
المنستير,طبلبة,السكرين
المنستير,طبلبة,بودريس
المنستير,قصر هلال,عياد
المنستير,قصر هلال,صوة
المنستير,قصر هلال,بوزويتة
المنستير,قصر هلال,حي الرياض
المنستير,قصيبة المديوني,قصيبةالمديوني
المنستير,قصيبة المديوني,طوزة
المنستير,قصيبة المديوني,بنان القبلية
المنستير,قصيبة المديوني,بنان الجوفية
المنستير,قصيبة المديوني,بوضر
المنستير,صيادة لمطة بوحجر,صيادة الشرقية
المنستير,صيادة لمطة بوحجر,صيادة الغربية
المنستير,صيادة لمطة بوحجر,لمطة
المنستير,صيادة لمطة بوحجر,بوحجر
المهدية,المهدية,المهدية
المهدية,المهدية,زويلة
المهدية,المهدية,زويلة الجنوبية
المهدية,المهدية,رجيش
المهدية,المهدية,رجيش الجنوبية
المهدية,المهدية,شيبة
المهدية,المهدية,السعد
المهدية,المهدية,الجواودة
المهدية,المهدية,الزهراء
المهدية,المهدية,الزقانة
المهدية,المهدية,هيبون
المهدية,المهدية,الرمل
المهدية,المهدية,الحكايمة الشرقية
المهدية,المهدية,الحكايمة الغربية
المهدية,بومرداس,بومرداس
المهدية,بومرداس,الحوس
المهدية,بومرداس,كركر
المهدية,بومرداس,الزراطة
المهدية,بومرداس,الرواضي
المهدية,بومرداس,الشوارعية
المهدية,بومرداس,بوهلال العلي القبلية
المهدية,بومرداس,بوهلال العلي الجوفية
المهدية,بومرداس,منزل حمزة
المهدية,أولاد الشامخ,أولاد الشامخ الجنوبية
المهدية,أولاد الشامخ,أولاد الشامخ الشمالية
المهدية,أولاد الشامخ,أولاد عمر
المهدية,أولاد الشامخ,الشحيمات الشمالية
المهدية,أولاد الشامخ,العجيلات
المهدية,أولاد الشامخ,السمرة
المهدية,أولاد الشامخ,بوسليم
المهدية,أولاد الشامخ,المحارزة الشمالية
المهدية,شربان,شربان
المهدية,شربان,المعاطي
المهدية,شربان,الشحدة القبلية
المهدية,شربان,الشحدة الشرقية
المهدية,شربان,القواسم الغربية
المهدية,شربان,القواسم الشرقية
المهدية,شربان,الشرف
المهدية,شربان,القرادحة الغربية
المهدية,شربان,القرادحة الشرقية
المهدية,شربان,أولاد الحناشي
المهدية,هبيرة,هبيرة
المهدية,هبيرة,منزل حشاد
المهدية,هبيرة,الرقايقة
المهدية,هبيرة,الشحدة الغربية
المهدية,هبيرة,المحارزة الجنوبية
المهدية,السواسي,السواسي
المهدية,السواسي,السيدة
المهدية,السواسي,سيدي الناصر
المهدية,السواسي,سيدي زيد
المهدية,السواسي,بوهلال
المهدية,السواسي,الشريشيرة
المهدية,السواسي,الكساسبة
المهدية,السواسي,الزعيرات
المهدية,السواسي,أولاد مولاهم الشمالية
المهدية,السواسي,أولاد مولاهم الغربية
المهدية,السواسي,الشحيمات القبلية
المهدية,الجم,الزاوية
المهدية,الجم,المرابطين
المهدية,الجم,رياض بوهلال
المهدية,الجم,العيثة
المهدية,الجم,المشالات
المهدية,الجم,الزغابنة
المهدية,الجم,الطواهرية
المهدية,الجم,العبابسة
المهدية,الجم,التلالسة
المهدية,الجم,العشابة
المهدية,الشابة,الشابة الشمالية
المهدية,الشابة,الشابة الجنوبية
المهدية,الشابة,السعفات
المهدية,ملولش,ملولش
المهدية,ملولش,العيثة
المهدية,ملولش,المنصورة
المهدية,ملولش,بن حسين
المهدية,ملولش,سيدي عبد العزيز
المهدية,سيدي علوان,سيدي علوان الغربية
المهدية,سيدي علوان,سيدي علوان الشرقية
المهدية,سيدي علوان,زردة
المهدية,سيدي علوان,ساقية الخادم
المهدية,سيدي علوان,البساتين
المهدية,سيدي علوان,وادي باجة الشمالية
المهدية,سيدي علوان,وادي باجة الجنوبية
المهدية,سيدي علوان,زالبة الشرقية
المهدية,سيدي علوان,زالبة الغربية
المهدية,سيدي علوان,النزهة
المهدية,سيدي علوان,وادي قلات
المهدية,سيدي علوان,السعادة
المهدية,قصور الساف,القصر
المهدية,قصور الساف,قصور الساف الرياض
المهدية,قصور الساف,القطانين
المهدية,قصور الساف,قصور الساف التقدم
المهدية,قصور الساف,سلقطة
المهدية,قصور الساف,الغضابنة
المهدية,قصور الساف,أولاد صالح
المهدية,قصور الساف,سيدي عساكر الغربية
المهدية,قصور الساف,الرشارشة
المهدية,قصور الساف,الحسينات
المهدية,قصور الساف,البرادعة الجنوبية
المهدية,قصور الساف,البرادعة الشمالية
صفاقس,صفاقس المدينة,المدينة
صفاقس,صفاقس المدينة,باب البحر
صفاقس,صفاقس المدينة,الحي الخيري
صفاقس,صفاقس المدينة,البساتين
صفاقس,صفاقس المدينة,الربض
صفاقس,صفاقس المدينة,15 نوفمـبر
صفاقس,صفاقس المدينة,عين شيخ روحه
صفاقس,صفاقس المدينة,الحي التعويضي
صفاقس,صفاقس المدينة,مركز قدور
صفاقس,صفاقس المدينة,مركز الباشا
صفاقس,صفاقس المدينة,سيدي عباس
صفاقس,صفاقس المدينة,محمد علي
صفاقس,صفاقس الغربية,مركز شاكر
صفاقس,صفاقس الغربية,حي الحبيب
صفاقس,صفاقس الغربية,سكرة
صفاقس,صفاقس الغربية,العالية
صفاقس,صفاقس الغربية,وادي الرمل
صفاقس,صفاقس الغربية,الهدى
صفاقس,صفاقس الغربية,حي البحري
صفاقس,ساقية الزيت,ساقية الزيت
صفاقس,ساقية الزيت,مركز بوعصيدة
صفاقس,ساقية الزيت,السدرة
صفاقس,ساقية الزيت,الأنس
صفاقس,ساقية الزيت,الشيحية
صفاقس,ساقية الزيت,تنيور
صفاقس,ساقية الزيت,سيدي صالح
صفاقس,ساقية الداير,ساقية الداير
صفاقس,ساقية الداير,الخيرية
صفاقس,ساقية الداير,مركز السبعي
صفاقس,ساقية الداير,البدارنة
صفاقس,ساقية الداير,سيدي منصور
صفاقس,ساقية الداير,حي بورقيبة
صفاقس,ساقية الداير,السلطنية
صفاقس,ساقية الداير,مركز كعنيش
صفاقس,صفاقس الجنوبية,العين
صفاقس,صفاقس الجنوبية,قرمدة
صفاقس,صفاقس الجنوبية,بوزيان
صفاقس,صفاقس الجنوبية,الافران الشمالية
صفاقس,صفاقس الجنوبية,الخزانات
صفاقس,صفاقس الجنوبية,العوابد
صفاقس,صفاقس الجنوبية,عيون المايل
صفاقس,طينة,طينة
صفاقس,طينة,سيدي عبيد
صفاقس,طينة,الحاجب
صفاقس,عقارب,عقارب
صفاقس,عقارب,قرقور
صفاقس,عقارب,بولذياب
صفاقس,عقارب,المحروقة
صفاقس,عقارب,التربة
صفاقس,عقارب,بن سهلون
صفاقس,عقارب,زليانة
صفاقس,عقارب,الصغار
صفاقس,جبنيانة,جبنيانة
صفاقس,جبنيانة,بطرية
صفاقس,جبنيانة,بلتش
صفاقس,جبنيانة,حزق
صفاقس,جبنيانة,القلالجة
صفاقس,جبنيانة,العجانقة
صفاقس,جبنيانة,اللوزة
صفاقس,جبنيانة,الحوض
صفاقس,العامرة,العامرة
صفاقس,العامرة,بليانة
صفاقس,العامرة,المساترية
صفاقس,العامرة,السلام
صفاقس,العامرة,ذراع بني زياد
صفاقس,العامرة,بودربالة
صفاقس,الحنشة,الحنشة
صفاقس,الحنشة,النصر
صفاقس,الحنشة,سيدي حسن بلحاج
صفاقس,الحنشة,دخان
صفاقس,الحنشة,بئر الشعبة
صفاقس,الحنشة,مركز مصباح
صفاقس,الحنشة,بئر صالح
صفاقس,الحنشة,الحجارة
صفاقس,الحنشة,الجواودة
صفاقس,منزل شاكر,منزل شاكر
صفاقس,منزل شاكر,بوجربوع
صفاقس,منزل شاكر,ماجل الدرج
صفاقس,منزل شاكر,بئر الملولي
صفاقس,منزل شاكر,بشكة
صفاقس,منزل شاكر,بوثدي
صفاقس,منزل شاكر,البـقعة البيضاء
صفاقس,منزل شاكر,العوادنة
صفاقس,منزل شاكر,تليل العجلة
صفاقس,منزل شاكر,الاعشاش
صفاقس,منزل شاكر,الحاج قاسم
صفاقس,منزل شاكر,شعلاب
صفاقس,الغريبة,الغريبة
صفاقس,الغريبة,المنار
صفاقس,الغريبة,الحشيشينة الجنوبية
صفاقس,الغريبة,الحشيشينة الشمالية
صفاقس,الغريبة,الشعال
صفاقس,بئر علي بن خليفة,السديرات الشمالية
صفاقس,بئر علي بن خليفة,السديرات الجنوبية
صفاقس,بئر علي بن خليفة,ودران الشمالية
صفاقس,بئر علي بن خليفة,ودران الجنوبية
صفاقس,بئر علي بن خليفة,وادي الشيخ
صفاقس,بئر علي بن خليفة,القندول
صفاقس,بئر علي بن خليفة,سيدي ظاهر
صفاقس,بئر علي بن خليفة,سيدي علي بلعابد
صفاقس,بئر علي بن خليفة,الأبراج
صفاقس,بئر علي بن خليفة,بوسليم
صفاقس,بئر علي بن خليفة,بئر علي بن خليفة
صفاقس,بئر علي بن خليفة,الناظور
صفاقس,الصخيرة,صبيح
صفاقس,الصخيرة,الخضراء
صفاقس,الصخيرة,نوال
صفاقس,الصخيرة,الصخيرة
صفاقس,الصخيرة,القنيطرة
صفاقس,الصخيرة,سيدي محمد
صفاقس,الصخيرة,الحمادة
صفاقس,المحرس,المحرس
صفاقس,المحرس,المحرس الجنوبية
صفاقس,المحرس,الشفار
صفاقس,المحرس,سيدي غريب
صفاقس,المحرس,عيثة الشلايا
صفاقس,المحرس,السمارة
صفاقس,قـرقنـة,العطايا
صفاقس,قـرقنـة,الرملة
صفاقس,قـرقنـة,سيدي فرج
صفاقس,قـرقنـة,مليتة
صفاقس,قـرقنـة,الكلابين
صفاقس,قـرقنـة,النجاة
صفاقس,قـرقنـة,الشرقي
صفاقس,قـرقنـة,القنطرة
صفاقس,قـرقنـة,القراطن
صفاقس,قـرقنـة,أولاد قاسم
باجة,باجة الشمالية,باجة
باجة,باجة الشمالية,المزارة
باجة,باجة الشمالية,قصر باردو
باجة,باجة الشمالية,الزوابي
باجة,باجة الشمالية,المنار
باجة,باجة الشمالية,القصبة
باجة,باجة الشمالية,عزرة
باجة,باجة الشمالية,الغيرية
باجة,باجة الشمالية,المنشار
باجة,باجة الشمالية,قصر مزوار
باجة,باجة الشمالية,بوحزام
باجة,باجة الشمالية,النقاشية
باجة,باجة الشمالية,الغرابة
باجة,باجة الشمالية,عين السلطان
باجة,باجة الجنوبية,سيدي فرج
باجة,باجة الجنوبية,الهواري
باجة,باجة الجنوبية,المعقولة
باجة,باجة الجنوبية,حمام سيالة
باجة,باجة الجنوبية,سيدي اسماعيل
باجة,باجة الجنوبية,المخشبية
باجة,باجة الجنوبية,سيدي السهيلي
باجة,باجة الجنوبية,زواغة
باجة,باجة الجنوبية,مستوتة
باجة,عمدون,زهرة مدين
باجة,عمدون,زهرة مدين الجنوبية
باجة,عمدون,الفرايجية
باجة,عمدون,الغرفة
باجة,عمدون,الرماضنية
باجة,عمدون,مغراوة
باجة,عمدون,صباح
باجة,عمدون,المجالس
باجة,عمدون,الحمراء
باجة,عمدون,غزية
باجة,عمدون,مالك
باجة,عمدون,الطرهوني
باجة,عمدون,القوسة
باجة,عمدون,الجوزة
باجة,نفزة,نفزة الشرقية
باجة,نفزة,نفزة الغربية
باجة,نفزة,وشتاتة
باجة,نفزة,كاف النيقرو
باجة,نفزة,الزوارع
باجة,نفزة,بوزنة
باجة,نفزة,مقطع حديد
باجة,نفزة,بالليف
باجة,نفزة,جبل الديس
باجة,نفزة,فطناسة
باجة,نفزة,غياضة
باجة,نفزة,زاقة
باجة,نفزة,الطبابة
باجة,نفزة,وادي المعدن
باجة,نفزة,الجميلة
باجة,نفزة,الظهيرات
باجة,تبرسق,تبرسق المدينة
باجة,تبرسق,عين الكرمة
باجة,تبرسق,المنشية
باجة,تبرسق,دقة
باجة,تبرسق,ريحانة
باجة,تبرسق,عين المـليتي
باجة,تبرسق,فدان السوق
باجة,تبرسق,عين الحمام
باجة,تبرسق,عين جمالة
باجة,تبرسق,بئر التوتة
باجة,تيبار,تيبار
باجة,تيبار,دجبة
باجة,تيبار,عين الدفالي
باجة,تيبار,النشيمة
باجة,تستور,تستور
باجة,تستور,ابن زيدون
باجة,تستور,حي 26 فيفري
باجة,تستور,مزوغة
باجة,تستور,زلدو
باجة,تستور,اولاد سلامة
باجة,تستور,السلوقية
باجة,تستور,عين يونس
باجة,تستور,الصخيرة
باجة,تستور,وادي الزرقاء
باجة,تستور,سيدي عبد العزيز
باجة,تستور,سيدي عامر
باجة,قبلاط,قبلاط
باجة,قبلاط,القمرتي
باجة,قبلاط,قرام
باجة,قبلاط,دور اسماعيل
باجة,قبلاط,بئر العش
باجة,قبلاط,خنيقة الدهان
باجة,قبلاط,خشاب
باجة,قبلاط,شيخ الوديان
باجة,مجاز الباب,مجاز الباب المدينة
باجة,مجاز الباب,مجاز الباب الجنوبية
باجة,مجاز الباب,سيدي مدين
باجة,مجاز الباب,القصر
باجة,مجاز الباب,الهري
باجة,مجاز الباب,توكابر
باجة,مجاز الباب,شواش
باجة,مجاز الباب,سيدي نصر
باجة,مجاز الباب,سيدي احمد الجديدي
باجة,مجاز الباب,القريعات
باجة,مجاز الباب,حيدوس
باجة,مجاز الباب,المواطيس
باجة,مجاز الباب,قريش الوادي
باجة,مجاز الباب,سيدي الرائس
جندوبة,جنـدوبة,الزغادية
جندوبة,جنـدوبة,جندوبة الجنوبية
جندوبة,جنـدوبة,النور
جندوبة,جنـدوبة,السعادة
جندوبة,جنـدوبة,الملقى
جندوبة,جنـدوبة,التطور
جندوبة,جنـدوبة,سوق السبت
جندوبة,جنـدوبة,العيثة
جندوبة,جنـدوبة,عين كريمة
جندوبة,جنـدوبة,معلة
جندوبة,جنـدوبة,الجريف
جندوبة,جنـدوبة,العزيمة
جندوبة,جنـدوبة الشمالية,الفردوس
جندوبة,جنـدوبة الشمالية,الهادي بن حسين
جندوبة,جنـدوبة الشمالية,الزهور
جندوبة,جنـدوبة الشمالية,الخضراء
جندوبة,جنـدوبة الشمالية,السواني
جندوبة,جنـدوبة الشمالية,بلاريجيا
جندوبة,جنـدوبة الشمالية,زطفورة
جندوبة,جنـدوبة الشمالية,شمتو
جندوبة,جنـدوبة الشمالية,الدير
جندوبة,جنـدوبة الشمالية,سوق الجمعة
جندوبة,بوسالم,بوسالم الشمالية
جندوبة,بوسالم,بوسالم الجنوبية
جندوبة,بوسالم,الروماني
جندوبة,بوسالم,البراهمي
جندوبة,بوسالم,المرجى
جندوبة,بوسالم,البئر الأخضر
جندوبة,بوسالم,الكدية
جندوبة,بوسالم,المنقوش
جندوبة,بوسالم,سيدي عبيد
جندوبة,طبرقـة,طبرقة
جندوبة,طبرقـة,الريحان
جندوبة,طبرقـة,الحامدية
جندوبة,طبرقـة,الحمام
جندوبة,طبرقـة,عين الصبح
جندوبة,طبرقـة,الناظور
جندوبة,طبرقـة,ملولة
جندوبة,طبرقـة,عين المنوسي
جندوبة,عين دراهم,عين دراهم المدينة
جندوبة,عين دراهم,عين دراهم الأحواز
جندوبة,عين دراهم,أولاد سدرة
جندوبة,عين دراهم,العطاطفة
جندوبة,عين دراهم,الحمران
جندوبة,عين دراهم,التبائنية
جندوبة,عين دراهم,الخمائرية
جندوبة,عين دراهم,سلول
جندوبة,عين دراهم,الرويعي
جندوبة,عين دراهم,تاقمة
جندوبة,عين دراهم,عين سلام
جندوبة,عين دراهم,وادي الزان
جندوبة,فرنانة,فرنانة
جندوبة,فرنانة,وادي غريب
جندوبة,فرنانة,ربيعة
جندوبة,فرنانة,أولاد مفدة
جندوبة,فرنانة,القوايدية
جندوبة,فرنانة,بني مطير
جندوبة,فرنانة,قلوب الثيران
جندوبة,فرنانة,قلوب الثيران الشمالية
جندوبة,فرنانة,هذيل
جندوبة,فرنانة,العاذر
جندوبة,فرنانة,الجواودة
جندوبة,فرنانة,عين البية
جندوبة,فرنانة,بوهرتمة
جندوبة,فرنانة,حليمة
جندوبة,فرنانة,سيدي عمّار
جندوبة,غار الدماء,غار الدماء
جندوبة,غار الدماء,غار الدماء الشمالية
جندوبة,غار الدماء,المعدن
جندوبة,غار الدماء,الرخاء
جندوبة,غار الدماء,عين سلطان
جندوبة,غار الدماء,وشتاتة
جندوبة,غار الدماء,الدورة
جندوبة,غار الدماء,الصرية
جندوبة,غار الدماء,فرقصان
جندوبة,غار الدماء,فج حسين
جندوبة,غار الدماء,المراسن
جندوبة,غار الدماء,القلعة
جندوبة,وادي مليز,وادي مليز الشرقية
جندوبة,وادي مليز,وادي مليز الغربية
جندوبة,وادي مليز,الدخايلية
جندوبة,وادي مليز,حكيم الشمالية
جندوبة,وادي مليز,حكيم الجنوبية
جندوبة,بلطة بوعوان,عسيلة
جندوبة,بلطة بوعوان,غزالة
جندوبة,بلطة بوعوان,العواوضة
جندوبة,بلطة بوعوان,البلدية
جندوبة,بلطة بوعوان,الشواولة
جندوبة,بلطة بوعوان,بني محمد
جندوبة,بلطة بوعوان,السمران
جندوبة,بلطة بوعوان,بلطة
جندوبة,بلطة بوعوان,عبد الجبار
جندوبة,بلطة بوعوان,بوعوان
جندوبة,بلطة بوعوان,وادي كساب
جندوبة,بلطة بوعوان,بولعابة
الكاف,الكاف الغربية,وادي الرمل الشمالية
الكاف,الكاف الغربية,وداي الرمل الجنوبية
الكاف,الكاف الغربية,الحوارث الجنوبية
الكاف,الكاف الشرقية,الشرفيين
الكاف,الكاف الشرقية,بنعنين
الكاف,الكاف الشرقية,الحوارث الشمالية
الكاف,الكاف الشرقية,الزعفران
الكاف,الكاف الشرقية,وادي السواني
الكاف,الكاف الشرقية,وادي السواني الجنوبية
الكاف,الكاف الشرقية,دير الكاف
الكاف,الكاف الشرقية,حشاد
الكاف,نبـر,نبر
الكاف,نبـر,سركونة
الكاف,نبـر,تل الغزلان
الكاف,نبـر,سيدي خيار
الكاف,نبـر,ملاق
الكاف,نبـر,بهرة
الكاف,نبـر,سيدي مدين
الكاف,نبـر,القصر
الكاف,نبـر,الشتاتلة
الكاف,الطويرف,الطويرف
الكاف,الطويرف,ملالة
الكاف,الطويرف,الأذياب
الكاف,الطويرف,ولجة السدرة
الكاف,ساقية سيدي يوسف,ساقية سيدي يوسف
الكاف,ساقية سيدي يوسف,السفاية
الكاف,ساقية سيدي يوسف,عين مازر
الكاف,ساقية سيدي يوسف,جرادو
الكاف,ساقية سيدي يوسف,فرشان
الكاف,ساقية سيدي يوسف,عين الكرمة
الكاف,ساقية سيدي يوسف,سيدي رابح
الكاف,ساقية سيدي يوسف,الطابية
الكاف,تاجروين,تاجروين الشمالية
الكاف,تاجروين,تاجروين الجنوبية
الكاف,تاجروين,عين الآبار
الكاف,تاجروين,حي بورقيبة
الكاف,تاجروين,سيدي مطير
الكاف,تاجروين,النجاة
الكاف,تاجروين,سيدي عبد الباسط
الكاف,تاجروين,جزة
الكاف,تاجروين,الحوض
الكاف,تاجروين,منزل سالم
الكاف,تاجروين,برج الديوانة
الكاف,تاجروين,قرن حلفاية
الكاف,قلعة سنان,قلعة سنان
الكاف,قلعة سنان,بوجابر
الكاف,قلعة سنان,الصفصاف
الكاف,قلعة سنان,مزيتة
الكاف,قلعة سنان,الفالتة
الكاف,قلعة سنان,سد الخير
الكاف,قلعة سنان,عين سنان
الكاف,قلعة سنان,الحميمة
الكاف,قلعة سنان,المحجوبة
الكاف,القلعة الخصبة,القلعة الخصباء
الكاف,القلعة الخصبة,هنطاية
الكاف,القلعة الخصبة,سيدي أحمد الصالح
الكاف,القلعة الخصبة,الناظور
الكاف,الجريصة,الجريصة المركزية
الكاف,الجريصة,الجريصة الشمالية
الكاف,الجريصة,الجريصة الجنوبية
الكاف,الجريصة,بسريانة
الكاف,الجريصة,فج التمر
الكاف,الجريصة,النعايم
الكاف,القصور,القصور
الكاف,القصور,عين القصيبة
الكاف,القصور,بانو
الكاف,القصور,اللواتة
الكاف,القصور,عين فضيل
الكاف,القصور,الزيتونة
الكاف,الدهماني,الدهماني
الكاف,الدهماني,الدهماني الشمالية
الكاف,الدهماني,الزوارين
الكاف,الدهماني,ثرمدة
الكاف,الدهماني,عبيدة
الكاف,الدهماني,ابة
الكاف,الدهماني,المدينة
الكاف,الدهماني,سيدي بركات الشمالية
الكاف,الدهماني,سيدي بركات الجنوبية
الكاف,السرس,السرس الشمالية
الكاف,السرس,السرس الجنوبية
الكاف,السرس,حي النور
الكاف,السرس,بوصليعة
الكاف,السرس,الاربص
الكاف,السرس,المرجى
الكاف,السرس,الابار
الكاف,السرس,الابارالشرقية
الكاف,السرس,الآس
سليانة,سليانة الشمالية,سليانة المدينة
سليانة,سليانة الشمالية,سليانة الشمالية
سليانة,سليانة الشمالية,العرب
سليانة,سليانة الشمالية,جامة
سليانة,سليانة الشمالية,مصوج
سليانة,سليانة الشمالية,الجوي
سليانة,سليانة الشمالية,الخلصة
سليانة,سليانة الشمالية,عين الديسة
سليانة,سليانة الجنوبية,سليانة الجنوبية
سليانة,سليانة الجنوبية,مرج المقدم
سليانة,سليانة الجنوبية,السفينة
سليانة,سليانة الجنوبية,سيدي مرشد
سليانة,سليانة الجنوبية,سيدي منصور
سليانة,سليانة الجنوبية,سيدي حمادة
سليانة,سليانة الجنوبية,سجة
سليانة,سليانة الجنوبية,اولاد زناق
سليانة,سليانة الجنوبية,القابل
سليانة,بوعرادة,أحواز بوعرادة
سليانة,بوعرادة,بوعرادة
سليانة,بوعرادة,فطيس
سليانة,بوعرادة,هنشير الرومان
سليانة,بوعرادة,سيدي عبد النور
سليانة,بوعرادة,طرف الشناء
سليانة,قعفور,قعفور الشرقية
سليانة,قعفور,قعفور الغربية
سليانة,قعفور,الاخوات
سليانة,قعفور,عين زريق
سليانة,قعفور,الاحواز الشمالية
سليانة,قعفور,الاحواز الجنوبية
سليانة,قعفور,الاقصاب
سليانة,العروسة,العروسة
سليانة,العروسة,بوجليدة
سليانة,العروسة,الرميل
سليانة,العروسة,مسراطة
سليانة,العروسة,سيدي عياد
سليانة,الكريب,الكريب الشمالية
سليانة,الكريب,الكريب الجنوبية
سليانة,الكريب,الدخانية
سليانة,الكريب,حمام بياضة الشمالية
سليانة,الكريب,حمام بياضة الجنوبية
سليانة,الكريب,برج المسعودي الشمالية
سليانة,الكريب,برج المسعودي الجنوبية
سليانة,بورويس,بورويس الشمالية
سليانة,بورويس,بورويس الجنوبية
سليانة,بورويس,التريشة
سليانة,بورويس,العباسي
سليانة,بورويس,عين عاشور
سليانة,بورويس,محطة الكريب
سليانة,مكثر,مكثر الشمالية
سليانة,مكثر,مكثر الجنوبية
سليانة,مكثر,صيار
سليانة,مكثر,القرعة
سليانة,مكثر,باز
سليانة,مكثر,بني حازم
سليانة,مكثر,راس الوالي
سليانة,مكثر,الصدين
سليانة,مكثر,الشوارنية
سليانة,مكثر,سند الحداد
سليانة,مكثر,السوالم
سليانة,الروحية,الحبابسة الشمالية
سليانة,الروحية,الحبابسة الجنوبية
سليانة,الروحية,الجميلات
سليانة,الروحية,السميرات الشمالية
سليانة,الروحية,السميرات الجنوبية
سليانة,الروحية,المساحلة
سليانة,الروحية,الهرية
سليانة,الروحية,الروحية
سليانة,الروحية,الحميمة
سليانة,الروحية,بوعجيلة
سليانة,كسرى,كسرى
سليانة,كسرى,الحمام
سليانة,كسرى,المنصورة الشمالية
سليانة,كسرى,المنصورة الجنوبية
سليانة,كسرى,بوعبد الله
سليانة,كسرى,القرية الشمالية
سليانة,كسرى,القرية الجنوبية
سليانة,كسرى,الفضول
سليانة,كسرى,اللوزة
سليانة,برقو,برقو
سليانة,برقو,احواز برقو
سليانة,برقو,اولاد فرج
سليانة,برقو,سيدي سعيد
سليانة,برقو,عين فرنة
سليانة,برقو,عين بوسعدية
سليانة,برقو,الدريجة
سليانة,برقو,البحرين
القيروان,القيروان الشمالية,الانصار
القيروان,القيروان الشمالية,الجامع الشمالية
القيروان,القيروان الشمالية,الجامع الجنوبية
القيروان,القيروان الشمالية,القبلية الشمالية
القيروان,القيروان الشمالية,الجبلية الشمالية
القيروان,القيروان الشمالية,الجبلية الجنوبية
القيروان,القيروان الشمالية,المنشية
القيروان,القيروان الشمالية,الأغالبة
القيروان,القيروان الشمالية,الباطن
القيروان,القيروان الشمالية,ذراع التمار
القيروان,القيروان الشمالية,المتبسطة
القيروان,القيروان الشمالية,الغابات
القيروان,القيروان الجنوبية,المنصورة الشمالية
القيروان,القيروان الجنوبية,المنصورة الجنوبية
القيروان,القيروان الجنوبية,القبلية الجنوبية
القيروان,القيروان الجنوبية,مرق الليل
القيروان,القيروان الجنوبية,رقادة
القيروان,القيروان الجنوبية,زرود
القيروان,القيروان الجنوبية,التبان
القيروان,القيروان الجنوبية,أولاد نهار
القيروان,القيروان الجنوبية,الخزازية
القيروان,القيروان الجنوبية,المخصومة
القيروان,القيروان الجنوبية,النبش
القيروان,القيروان الجنوبية,زعفرانة
القيروان,القيروان الجنوبية,الخضراء
القيروان,القيروان الجنوبية,الحمام
القيروان,القيروان الجنوبية,بريكات العرقوب
القيروان,الشبيكة,الشبيكة
القيروان,الشبيكة,الجواودة
القيروان,الشبيكة,العوامرية
القيروان,الشبيكة,الرويسات
القيروان,الشبيكة,عبيدة
القيروان,الشبيكة,سيدي علي بن سالم
القيروان,الشبيكة,هماد
القيروان,الشبيكة,الكرمة
القيروان,السبيخة,السبيخة المركز
القيروان,السبيخة,عين بومرة
القيروان,السبيخة,الفريوات
القيروان,السبيخة,سيدي مسعود
القيروان,السبيخة,الدخيلة
القيروان,السبيخة,الذريعات
القيروان,السبيخة,القفي
القيروان,السبيخة,العلم
القيروان,السبيخة,القطيفة
القيروان,السبيخة,العويثة
القيروان,السبيخة,سيسب
القيروان,السبيخة,الشرفة
القيروان,السبيخة,الشقافية
القيروان,السبيخة,سرديانة
القيروان,السبيخة,وادي الخريوع
القيروان,الوسلاتية,معروف
القيروان,الوسلاتية,الوسلاتية الشرقية
القيروان,الوسلاتية,الوسلاتية الغربية
القيروان,الوسلاتية,المنزل
القيروان,الوسلاتية,جبل السرج
القيروان,الوسلاتية,زغدود
القيروان,الوسلاتية,جبل الريحان
القيروان,الوسلاتية,وادي القصب
القيروان,الوسلاتية,البحاير
القيروان,حفوز,حفوزالمركز
القيروان,حفوز,خيط الوادي
القيروان,حفوز,وادي الجباس
القيروان,حفوز,العين البيضاء
القيروان,حفوز,الحوفية
القيروان,حفوز,الشريشيرة
القيروان,حفوز,طرزة الجنوبية
القيروان,حفوز,أولاد خلف الله
القيروان,العلا,العلا
القيروان,العلا,المساعيد
القيروان,العلا,القطار
القيروان,العلا,مسيوتة الهناشير
القيروان,العلا,مسيوتة النقاز
القيروان,العلا,صيادة الشمالية
القيروان,العلا,صيادة الجنوبية
القيروان,العلا,أولاد عمر
القيروان,العلا,طرزة الشمالية
القيروان,حاجب العيون,الحاجب المركز
القيروان,حاجب العيون,أحواز الحاجب
القيروان,حاجب العيون,الشواشي
القيروان,حاجب العيون,السرجة
القيروان,حاجب العيون,القنطرة
القيروان,حاجب العيون,الهدايا
القيروان,حاجب العيون,الغويبة
القيروان,حاجب العيون,وادي الحجل
القيروان,حاجب العيون,الرحيمة
القيروان,نصر الله,نصر الله المركز
القيروان,نصر الله,نصر الله الاحواز
القيروان,نصر الله,المنارة
القيروان,نصر الله,الكبارة
القيروان,نصر الله,البريكات
القيروان,الشراردة,الشراردة
القيروان,الشراردة,بئر الحلو
القيروان,الشراردة,أولاد فرج الله الجنوبية
القيروان,الشراردة,الشرائطية الجنوبية
القيروان,الشراردة,القصور
القيروان,بوحجلة,بوحجلة المركز
القيروان,بوحجلة,بوحجلة الاحواز
القيروان,بوحجلة,جهينة الجنوبية
القيروان,بوحجلة,جهينة الشمالية
القيروان,بوحجلة,القطيطير
القيروان,بوحجلة,أولاد عاشور
القيروان,بوحجلة,الفتح
القيروان,بوحجلة,أولاد فرج الله الشمالية
القيروان,بوحجلة,النصر
القيروان,بوحجلة,بئر مسيكين
القيروان,بوحجلة,المويسات
القيروان,بوحجلة,بئربوساري
القيروان,بوحجلة,الشرائطية الشمالية
القيروان,بوحجلة,الشوامخ
القيروان,عين جلولة,جبل وسلات
القيروان,عين جلولة,عين جلولة
القيروان,منزل المهيري,الحميدات
القيروان,منزل المهيري,الفجيج
القيروان,منزل المهيري,الطويلة
سيدي بوزيد,سيدي بوزيد الغربية,سيدي بوزيد
سيدي بوزيد,سيدي بوزيد الغربية,سيدي بوزيد الجنوبية
سيدي بوزيد,سيدي بوزيد الغربية,النور
سيدي بوزيد,سيدي بوزيد الغربية,سيدي بوزيد الغربية
سيدي بوزيد,سيدي بوزيد الغربية,سيدي سالم
سيدي بوزيد,سيدي بوزيد الغربية,الهيشرية
سيدي بوزيد,سيدي بوزيد الغربية,الفريو
سيدي بوزيد,سيدي بوزيد الغربية,الصداقية
سيدي بوزيد,سيدي بوزيد الغربية,أم العظام(1)
سيدي بوزيد,سيدي بوزيد الغربية,أم العظام(2)
سيدي بوزيد,سيدي بوزيد الغربية,الطويلة
سيدي بوزيد,سيدي بوزيد الغربية,النصر
سيدي بوزيد,سيدي بوزيد الشرقية,الأحواز
سيدي بوزيد,سيدي بوزيد الشرقية,بنور
سيدي بوزيد,سيدي بوزيد الشرقية,فائض
سيدي بوزيد,سيدي بوزيد الشرقية,الأسودة
سيدي بوزيد,سيدي بوزيد الشرقية,العامرة
سيدي بوزيد,سيدي بوزيد الشرقية,المكارم
سيدي بوزيد,سيدي بوزيد الشرقية,المكارم الشرقية
سيدي بوزيد,سيدي بوزيد الشرقية,العقلة
سيدي بوزيد,سيدي بوزيد الشرقية,عين رباو
سيدي بوزيد,سيدي بوزيد الشرقية,الحنية ابازيد
سيدي بوزيد,سيدي بوزيد الشرقية,قارة حديد
سيدي بوزيد,سيدي بوزيد الشرقية,الزيتونة
سيدي بوزيد,جلمة,جلمة الشرقية
سيدي بوزيد,جلمة,جلمةالغربية
سيدي بوزيد,جلمة,لزيرق
سيدي بوزيد,جلمة,سلتة
سيدي بوزيد,جلمة,زغمار
سيدي بوزيد,جلمة,غدير الزيتون
سيدي بوزيد,جلمة,باطن الغزال الجنوبية
سيدي بوزيد,جلمة,باطن الغزال الشمالية
سيدي بوزيد,جلمة,العضلة
سيدي بوزيد,جلمة,الحميمة
سيدي بوزيد,جلمة,الابيض
سيدي بوزيد,سبالة أولاد عسكر,السبالة
سيدي بوزيد,سبالة أولاد عسكر,العامرة
سيدي بوزيد,سبالة أولاد عسكر,السد
سيدي بوزيد,سبالة أولاد عسكر,مغيلة
سيدي بوزيد,سبالة أولاد عسكر,العيون
سيدي بوزيد,بئر الحفي,بئر الحفي
سيدي بوزيد,بئر الحفي,المحمدية
سيدي بوزيد,بئر الحفي,القصر
سيدي بوزيد,بئر الحفي,بئرعمامة
سيدي بوزيد,بئر الحفي,المزارة
سيدي بوزيد,بئر الحفي,السلامة
سيدي بوزيد,بئر الحفي,ورغة
سيدي بوزيد,بئر الحفي,رحال
سيدي بوزيد,بئر الحفي,بئر بوصبيع
سيدي بوزيد,سيدي علي بن عون,سيدي علي بن عون
سيدي بوزيد,سيدي علي بن عون,الرابطة
سيدي بوزيد,سيدي علي بن عون,الساهلة
سيدي بوزيد,سيدي علي بن عون,الواعرة
سيدي بوزيد,سيدي علي بن عون,ابراهيم
سيدي بوزيد,سيدي علي بن عون,المنصورة الشرقية
سيدي بوزيد,سيدي علي بن عون,اولاد المنصورة الغربية
سيدي بوزيد,منزل بوزيان,منزل بوزيان
سيدي بوزيد,منزل بوزيان,النوامر
سيدي بوزيد,منزل بوزيان,قلال
سيدي بوزيد,منزل بوزيان,الخرشف
سيدي بوزيد,منزل بوزيان,الخروبة
سيدي بوزيد,منزل بوزيان,العمرية
سيدي بوزيد,منزل بوزيان,العمران
سيدي بوزيد,المكناسي,الجباس
سيدي بوزيد,المكناسي,الغريس الغربية
سيدي بوزيد,المكناسي,مش
سيدي بوزيد,المكناسي,المكناسي الشرقية
سيدي بوزيد,المكناسي,المكناسي الغربية
سيدي بوزيد,المكناسي,المكناسي الشمالية
سيدي بوزيد,المكناسي,الزوارع
سيدي بوزيد,المكناسي,المبروكة
سيدي بوزيد,المكناسي,النصر
سيدي بوزيد,سوق الجديد,سوق الجديد
سيدي بوزيد,سوق الجديد,غريويس
سيدي بوزيد,سوق الجديد,القصيرة
سيدي بوزيد,سوق الجديد,سقدال
سيدي بوزيد,سوق الجديد,الرميلية
سيدي بوزيد,سوق الجديد,أولاد الفالح
سيدي بوزيد,سوق الجديد,الزفزاف
سيدي بوزيد,سوق الجديد,بئر بدر
سيدي بوزيد,المزونة,المزونة
سيدي بوزيد,المزونة,الفوني
سيدي بوزيد,المزونة,بوهدمة
سيدي بوزيد,المزونة,الغريس الشرقية
سيدي بوزيد,المزونة,الخبنة
سيدي بوزيد,المزونة,الدوارة
سيدي بوزيد,المزونة,الخوي
سيدي بوزيد,المزونة,البسباس
سيدي بوزيد,المزونة,السد
سيدي بوزيد,الرقاب,الرقاب
سيدي بوزيد,الرقاب,قصر الحمام الشرقية
سيدي بوزيد,الرقاب,قولاب
سيدي بوزيد,الرقاب,الرضاع
سيدي بوزيد,الرقاب,الرضاع الشرقية
سيدي بوزيد,الرقاب,بودينار
سيدي بوزيد,الرقاب,قصر الحمام الغربية
سيدي بوزيد,الرقاب,قبرار
سيدي بوزيد,الرقاب,ريحانة
سيدي بوزيد,الرقاب,السكبة
سيدي بوزيد,الرقاب,فرش غريب
سيدي بوزيد,الرقاب,اولاد عوني
سيدي بوزيد,السعيدة,السعيدة الشمالية
سيدي بوزيد,السعيدة,السعيدة الجنوبية
سيدي بوزيد,السعيدة,السعيدة الشرقية
سيدي بوزيد,السعيدة,الخشم الشرقية
سيدي بوزيد,السعيدة,الخشم الغربية
سيدي بوزيد,أولاد حفوز,أولادحفوز
سيدي بوزيد,أولاد حفوز,الذويبات الجنوبية
سيدي بوزيد,أولاد حفوز,سيدي خليف
سيدي بوزيد,أولاد حفوز,الحنية
سيدي بوزيد,أولاد حفوز,كسودة
سيدي بوزيد,أولاد حفوز,المباركية
سيدي بوزيد,أولاد حفوز,الشواشنية
سيدي بوزيد,أولاد حفوز,سيدي اللافي
سيدي بوزيد,أولاد حفوز,الذويبات الشمالية
القصرين,القصرين الشمالية,النور الشرقي
القصرين,القصرين الشمالية,النورالغربي
القصرين,القصرين الشمالية,البساتين
القصرين,القصرين الشمالية,الخضراء
القصرين,القصرين الشمالية,العريش
القصرين,القصرين الشمالية,بولعابة
القصرين,القصرين الجنوبية,العويجة
القصرين,القصرين الجنوبية,بولهيجات
القصرين,القصرين الجنوبية,مقدودش
القصرين,القصرين الجنوبية,بوزقام
القصرين,القصرين الجنوبية,سيدي حراث
القصرين,القصرين الجنوبية,الدغرة
القصرين,الزهور,لزهورالشرقي1
القصرين,الزهور,الزهورالشرقي2
القصرين,الزهور,الزهورالغربي1
القصرين,الزهور,الزهورالغربي2
القصرين,الزهور,الزهور الغربي3
القصرين,الزهور,الزهور الغربي4
القصرين,حاسي الفريد,حاسي الفريد
القصرين,حاسي الفريد,الهشيم
القصرين,حاسي الفريد,خنقة الجازية
القصرين,حاسي الفريد,السلوم
القصرين,حاسي الفريد,الكامور
القصرين,سبيطلة,سبيطلة
القصرين,سبيطلة,حي السرور
القصرين,سبيطلة,سمامة
القصرين,سبيطلة,الرخمات
القصرين,سبيطلة,القنة
القصرين,سبيطلة,الدولاب
القصرين,سبيطلة,الشرائع
القصرين,سبيطلة,مشرق الشمس
القصرين,سبيطلة,الوساعية
القصرين,سبيطلة,الخضراء
القصرين,سبيطلة,الآثار
القصرين,سبيطلة,المزراة
القصرين,سبيطلة,القرعة الحمراء
القصرين,سبيطلة,القصر
القصرين,سبيبة,سبيبة
القصرين,سبيبة,الاحواز
القصرين,سبيبة,وادي الحطب
القصرين,سبيبة,إبراهيم الزهار
القصرين,سبيبة,عين زيان
القصرين,سبيبة,الثماد
القصرين,سبيبة,عين الخمائسية
القصرين,جدليان,جدليان
القصرين,جدليان,فج تربح
القصرين,جدليان,عين الحمادنة
القصرين,جدليان,محرزة
القصرين,جدليان,عين أم الجدور
القصرين,العيون,العيون
القصرين,العيون,القرين
القصرين,العيون,البرك
القصرين,العيون,البواجر
القصرين,العيون,توشة
القصرين,العيون,عين السلسلة
القصرين,تالة,تالة الشرقية
القصرين,تالة,تالة الغربية
القصرين,تالة,الدشرة
القصرين,تالة,عين الجديدة
القصرين,تالة,برماجنة
القصرين,تالة,وادي الرشح
القصرين,تالة,الجوي
القصرين,تالة,الحماد
القصرين,تالة,زلفان
القصرين,تالة,بو الأحناش
القصرين,تالة,سيدي محمد
القصرين,تالة,ولجة الظل
القصرين,تالة,الشافعي
القصرين,حيدرة,حيدرة
القصرين,حيدرة,الطباقة
القصرين,حيدرة,المكيمن
القصرين,حيدرة,الاجرد
القصرين,حيدرة,الصري
القصرين,حيدرة,عين الدفلة
القصرين,فوسانة,فوسانة
القصرين,فوسانة,فوسانة الاحواز
القصرين,فوسانة,خمودة الشمالية
القصرين,فوسانة,خمودة الجنوبية
القصرين,فوسانة,أولاد محفوظ
القصرين,فوسانة,أفران
القصرين,فوسانة,المزيرعة
القصرين,فوسانة,العذيرة
القصرين,فوسانة,الحازة
القصرين,فوسانة,البريكة
القصرين,فوسانة,بودرياس
القصرين,فوسانة,عين الجنان
القصرين,فوسانة,الرطيبات
القصرين,فريانة,فريانة
القصرين,فريانة,العرق
القصرين,فريانة,الاحواش
القصرين,فريانة,الصخيرات
القصرين,فريانة,العرعار
القصرين,فريانة,حناشي
القصرين,فريانة,قارة النعام
القصرين,فريانة,بوشبكة
القصرين,فريانة,أم علي
القصرين,فريانة,بوحية
القصرين,فريانة,تلابت
القصرين,فريانة,عبدالعظيم
القصرين,ماجل بلعباس,ماجل بلعباس الشمالية
القصرين,ماجل بلعباس,ماجل بلعباس الجنوبية
القصرين,ماجل بلعباس,أم الاقصاب
القصرين,ماجل بلعباس,الناظور
القصرين,ماجل بلعباس,هنشير أم الخير
القصرين,ماجل بلعباس,صولة
القصرين,ماجل بلعباس,قروع الجدرة
قابس,قابـس المدينة,المنطقة الأولى
قابس,قابـس المدينة,المنطقة الثانية
قابس,قابـس المدينة,المنطقة الثالثة
قابس,قابـس المدينة,المنـطقة الرابعة
قابس,قابـس المدينة,شط سيدي عبد السلام
قابس,قابـس الغربية,الرماثي
قابس,قابـس الغربية,بوشمة
قابس,قابـس الغربية,النحال
قابس,قابـس الغربية,الجواولة
قابس,قابـس الغربية,شنني الشمالية
قابس,قابـس الغربية,شنني الشرقية
قابس,قابـس الغربية,شنني الغربية
قابس,قابـس الجنوبية,تبلبو
قابس,قابـس الجنوبية,سيدي أبي لبابة
قابس,قابـس الجنوبية,زريق الدخلانية
قابس,قابـس الجنوبية,المنطقة الخامسة
قابس,قابـس الجنوبية,المدو
قابس,قابـس الجنوبية,ليماوة
قابس,قابـس الجنوبية,الأمازير
قابس,غنوش,غنوش الشرقية
قابس,غنوش,غنوش الغربية
قابس,غنوش,غنوش الجنوبية
قابس,غنوش,غنوش الشمالية
قابس,المطوية,المطوية الشمالية
قابس,المطوية,المطوية الجنوبية
قابس,المطوية,وذرف الشمالية
قابس,المطوية,وذرف الجنوبية
قابس,المطوية,العكاريت
قابس,المطوية,الهيشة
قابس,المطوية,الميدة
قابس,منزل الحبيب,وادي الزيتون
قابس,منزل الحبيب,الفجيج
قابس,منزل الحبيب,المهاملة
قابس,منزل الحبيب,السقي
قابس,منزل الحبيب,ربيعة والي
قابس,منزل الحبيب,زقراطة
قابس,منزل الحبيب,منزل الحبيب
قابس,الحامة,المنطقة الشمالية
قابس,الحامة,القصر
قابس,الحامة,المنطقة الشرقية (1)
قابس,الحامة,المنطقة الشـرقية (2)
قابس,الحامة,المنطقة القبلية
قابس,الحامة,فرحات حشاد
قابس,الحامة,شانشو
قابس,الحامة,البحاير
قابس,الحامة,بشيمة البرج
قابس,الحامة,بشيمة القلب
قابس,الحامة,بوعطوش
قابس,الحامة,الحبيب ثامر
قابس,الحامة,المنطقة الغربية
قابس,مطماطة,مطماطة
قابس,مطماطة,تشين
قابس,مطماطة,تمزرط
قابس,مطماطة الجديدة,مطماطة الجديدة
قابس,مطماطة الجديدة,هداج
قابس,مطماطة الجديدة,الزراوة
قابس,مطماطة الجديدة,بني عيسى
قابس,مطماطة الجديدة,بني زلطن
قابس,مارث,مارث
قابس,مارث,مارث الشمالية
قابس,مارث,سيدي التواتي
قابس,مارث,الزركين
قابس,مارث,عيون الزركين
قابس,مارث,واريفين
قابس,مارث,الزارات
قابس,مارث,العلاية
قابس,مارث,عرام
قابس,مارث,كتانة
قابس,مارث,زريق الغـندري
قابس,دخيلة توجان,توجان
قابس,دخيلة توجان,زمرتن
قابس,دخيلة توجان,عين تونين
قابس,دخيلة توجان,دخيلة توجان
مدنين,مدنيـن الشمالية,بني غزيل
مدنين,مدنيـن الشمالية,2ماي
مدنين,مدنيـن الشمالية,مدنين الغربية
مدنين,مدنيـن الشمالية,20 مارس
مدنين,مدنيـن الشمالية,مدنين الشمالية
مدنين,مدنيـن الشمالية,أم التمر الغربية
مدنين,مدنيـن الشمالية,أم التمر الشرقية
مدنين,مدنيـن الشمالية,كوتين
مدنين,مدنين الجنوبية,مدنين الجنوبية
مدنين,مدنين الجنوبية,مدنين الشرقية
مدنين,مدنين الجنوبية,اللبة
مدنين,مدنين الجنوبية,حسي عمر
مدنين,مدنين الجنوبية,وادي السدر
مدنين,مدنين الجنوبية,حسي مدنين
مدنين,مدنين الجنوبية,الدرغولية
مدنين,مدنين الجنوبية,السويطير
مدنين,مدنين الجنوبية,عمرة الجديدة
مدنين,مدنين الجنوبية,بوغرارة
مدنين,بني خداش,بني خداش
مدنين,بني خداش,رحالة
مدنين,بني خداش,الدخيلة
مدنين,بني خداش,ورجيجن
مدنين,بني خداش,وادي الخيل
مدنين,بني خداش,زغاية
مدنين,بني خداش,البنية
مدنين,بني خداش,الفجيج
مدنين,بني خداش,المنزلة
مدنين,بني خداش,زمور
مدنين,بني خداش,الحميمية
مدنين,بني خداش,البحيرة
مدنين,بني خداش,القصر الجديد
مدنين,بن قردان,بنقردان الشمالية
مدنين,بن قردان,بنقردان الجنوبية
مدنين,بن قردان,الصياح
مدنين,بن قردان,جميلة
مدنين,بن قردان,المعمرات
مدنين,بن قردان,العامرية
مدنين,بن قردان,الطابعي
مدنين,بن قردان,الوراسنية
مدنين,بن قردان,جلال
مدنين,بن قردان,النفاتية
مدنين,بن قردان,الشهبانية
مدنين,بن قردان,شارب الراجل
مدنين,جرجيس,جرجيس
مدنين,جرجيس,2 مارس
مدنين,جرجيس,الطاهر صفر
مدنين,جرجيس,الجدارية
مدنين,جرجيس,البساتين
مدنين,جرجيس,السويحل
مدنين,جرجيس,وادي التياب
مدنين,جرجيس,حسي الجربي
مدنين,جرجيس,خوي الغدير
مدنين,جرجيس,حمادي
مدنين,جرجيس,هشام الحمادي
مدنين,جرجيس,الغرابات
مدنين,جرجيس,القريبيس
مدنين,جرجيس,حمادي بوتفاحة
مدنين,جرجيس,العقلة
مدنين,جرجيس,شماخ
مدنين,جربة حومة السوق,طاوريت
مدنين,جربة حومة السوق,بوملال
مدنين,جربة حومة السوق,الجوامع
مدنين,جربة حومة السوق,فاطو
مدنين,جربة حومة السوق,مزراية
مدنين,جربة حومة السوق,صدغيان
مدنين,جربة حومة السوق,والغ
مدنين,جربة حومة السوق,السواني
مدنين,جربة حومة السوق,الرياض
مدنين,جربة حومة السوق,الحشان
مدنين,جربة حومة السوق,مليتة
مدنين,جربة ميدون,ميدون
مدنين,جربة ميدون,اركو
مدنين,جربة ميدون,المحبوبين
مدنين,جربة ميدون,بني معقل
مدنين,جربة ميدون,صدويكش
مدنين,جربة ميدون,الماي
مدنين,جربة ميدون,ربانة
مدنين,جربة أجيم,أجيم
مدنين,جربة أجيم,الخنانسة
مدنين,جربة أجيم,مزران
مدنين,جربة أجيم,قلالة
مدنين,جربة أجيم,وادي الزبيب
مدنين,جربة أجيم,القرع
مدنين,سيدي مخلوف,سيدي مخلوف
مدنين,سيدي مخلوف,القرين
مدنين,سيدي مخلوف,المغراوية
مدنين,سيدي مخلوف,الجرف
مدنين,سيدي مخلوف,بدوي
مدنين,سيدي مخلوف,عمرة
مدنين,سيدي مخلوف,الراقوبة الشرقية
مدنين,سيدي مخلوف,الدرجاوة
مدنين,سيدي مخلوف,الراقوبة الغربية
مدنين,سيدي مخلوف,الغباي
مدنين,سيدي مخلوف,القصبة
قفصة,قفصة الشمالية,قطيس
قفصة,قفصة الشمالية,الرحيبة
قفصة,قفصة الشمالية,الرحيبة الجنوبية
قفصة,قفصة الشمالية,قصور الاخوة
قفصة,قفصة الشمالية,المتكيدس
قفصة,قفصة الشمالية,الفج
قفصة,قفصة الشمالية,منزل ميمون
قفصة,سيدي عيش,سيدي عيش
قفصة,سيدي عيش,سيدي عيش الشرقية
قفصة,سيدي عيش,العمايمية
قفصة,سيدي عيش,منزل القمودي
قفصة,سيدي عيش,القرية
قفصة,سيدي عيش,السوينية
قفصة,القصر,القصر
قفصة,القصر,القصر الشرقية
قفصة,القصر,لالة
قفصة,القصر,حي حشاد
قفصة,القصر,عمرة
قفصة,القصر,المطار
قفصة,قفصة الجنوبية,قفصة المدينة
قفصة,قفصة الجنوبية,قفصة الشرقية
قفصة,قفصة الجنوبية,حي السرور
قفصة,قفصة الجنوبية,العسالة
قفصة,قفصة الجنوبية,سيدي احمد زروق
قفصة,قفصة الجنوبية,وادي ايلو
قفصة,قفصة الجنوبية,المولي
قفصة,قفصة الجنوبية,حي النور
قفصة,قفصة الجنوبية,حي الشباب
قفصة,قفصة الجنوبية,العقيلة
قفصة,قفصة الجنوبية,كاف دربي
قفصة,قفصة الجنوبية,الناظور
قفصة,أم العرائس,أم العرائس المركز
قفصة,أم العرائس,أم العرائس المحطة
قفصة,أم العرائس,الشنوفية
قفصة,أم العرائس,السويطير
قفصة,أم العرائس,الدوارة
قفصة,سيدي بوبكر,سيدي بوبكر
قفصة,سيدي بوبكر,أم الأقصاب
قفصة,الرديف,الرديف المركز
قفصة,الرديف,الرديف الشمالية
قفصة,الرديف,الرديف الجنوبية
قفصة,الرديف,الرديف المحطة
قفصة,الرديف,تابديت
قفصة,المتلوي,المتلوي المركز
قفصة,المتلوي,المتلوي المحطة
قفصة,المتلوي,السقي القبلي
قفصة,المتلوي,حي الامل الغربي
قفصة,المتلوي,حي الامل الشرقي
قفصة,المتلوي,المزيرعة
قفصة,المتلوي,وادي الأرطة
قفصة,المتلوي,المقرون
قفصة,المتلوي,الثالجة
قفصة,المتلوي,ريشة النعام
قفصة,المظيلة,المظيلة المركز
قفصة,المظيلة,الحي العمالي
قفصة,المظيلة,صهيب
قفصة,المظيلة,السقي
قفصة,القطار,القطار الغربية
قفصة,القطار,الأرطس
قفصة,القطار,القطار الشرقية
قفصة,القطار,العنق
قفصة,القطار,الساكت
قفصة,القطار,بئر سعد
قفصة,بلخير,العيايشة
قفصة,بلخير,بلخير
قفصة,بلخير,الطلح الشرقية
قفصة,بلخير,الطلح الغربية
قفصة,بلخير,جبيلة الوسط
قفصة,بلخير,أولاد الحاج
قفصة,السند,السند الشمالية
قفصة,السند,السند الجنوبية
قفصة,السند,ماجورة
قفصة,السند,عليم
قفصة,صانوش,صانوش
قفصة,صانوش,الجديدة
قفصة,صانوش,عبد الصادق
توزر,توزر,مسغونة
توزر,توزر,الزبدة
توزر,توزر,الهبائلة
توزر,توزر,الهوادف
توزر,توزر,القيطنة
توزر,توزر,رأس الذراع حلبة
توزر,توزر,الازدهار
توزر,توزر,حي المطار
توزر,توزر,الشابية
توزر,توزر,الحضر
توزر,دقاش,دقاش الشمالية
توزر,دقاش,دقاش الجنوبية
توزر,دقاش,سبع أبار
توزر,دقاش,المحاسن
توزر,دقاش,بوهلال
توزر,دقاش,دغومس
توزر,تمغزة,تمغزة
توزر,تمغزة,الشبيكة
توزر,تمغزة,ميداس
توزر,تمغزة,عين الكرمة
توزر,تمغزة,فم الخنقة
توزر,تمغزة,الرميثة
توزر,نفطة,الشافعي الشريف
توزر,نفطة,غرة جوان
توزر,نفطة,الواحة
توزر,نفطة,السنى
توزر,نفطة,العيون
توزر,نفطة,التحرير
توزر,نفطة,الأصيل
توزر,نفطة,الخضر بن حسين
توزر,حزوة,حزوة
توزر,حزوة,حطام
توزر,حزوة,عين أولاد الغريسي
توزر,حامة الجريد,الحامة
توزر,حامة الجريد,شاكمو
توزر,حامة الجريد,النملات
تطاوين,تطاوين الشمالية,النزهة
تطاوين,تطاوين الشمالية,التضامن
تطاوين,تطاوين الشمالية,النصر
تطاوين,تطاوين الشمالية,وادي القمح
تطاوين,تطاوين الشمالية,برورمت
تطاوين,تطاوين الشمالية,تلالت
تطاوين,تطاوين الشمالية,وادي الغار
تطاوين,تطاوين الشمالية,المعونة
تطاوين,تطاوين الشمالية,الزهراء
تطاوين,تطاوين الشمالية,قطوفة
تطاوين,تطاوين الشمالية,خاتمة
تطاوين,تطاوين الشمالية,السعادة
تطاوين,تطاوين الشمالية,القلعة الشرقية
تطاوين,تطاوين الشمالية,القلعة الغربية
تطاوين,تطاوين الشمالية,بني بلال
تطاوين,تطاوين الجنوبية,تطاوين المدينة
تطاوين,تطاوين الجنوبية,تطاوين العليا
تطاوين,تطاوين الجنوبية,المزطورية الجنوبية
تطاوين,تطاوين الجنوبية,المزطورية الشمالية
تطاوين,تطاوين الجنوبية,غرغار
تطاوين,تطاوين الجنوبية,حي البر
تطاوين,تطاوين الجنوبية,قصر المقابلة
تطاوين,تطاوين الجنوبية,شنني الجديدة
تطاوين,تطاوين الجنوبية,شنني
تطاوين,تطاوين الجنوبية,الدويرات
تطاوين,تطاوين الجنوبية,المسرب
تطاوين,تطاوين الجنوبية,الرقبة
تطاوين,تطاوين الجنوبية,رأس الوادي
تطاوين,تطاوين الجنوبية,بئر الثلاثين
تطاوين,تطاوين الجنوبية,بني بركة-تونكت
تطاوين,الصمار,كرشاو
تطاوين,الصمار,الصمار
تطاوين,الصمار,الغرياني
تطاوين,البئر الأحمر,البئر الأحمر الشرقية
تطاوين,البئر الأحمر,البئر الأحمر الغربية
تطاوين,البئر الأحمر,السند
تطاوين,البئر الأحمر,العرقوب
تطاوين,البئر الأحمر,قراقر
تطاوين,البئر الأحمر,المدينة
تطاوين,البئر الأحمر,البساتين
تطاوين,غمراسن,غمراسن
تطاوين,غمراسن,الواحة
تطاوين,غمراسن,الزهور
تطاوين,غمراسن,القرضاب
تطاوين,غمراسن,الفرش
تطاوين,غمراسن,قرماسة
تطاوين,غمراسن,قصر الحدادة
تطاوين,غمراسن,المدينة الجديدة
تطاوين,غمراسن,قصر المرابطين
تطاوين,غمراسن,وادي الخيل
تطاوين,ذهيبة,ذهيبة الشرقية
تطاوين,ذهيبة,ذهيبة الغربية
تطاوين,رمادة,رمادة الشرقية
تطاوين,رمادة,رمادة الغربية
تطاوين,رمادة,نكريف
تطاوين,رمادة,كنبوت
تطاوين,رمادة,بئر عمير
تطاوين,رمادة,برج الخضراء
تطاوين,رمادة,مغنى
تطاوين,بني مهيرة,قصر مهيرة
تطاوين,بني مهيرة,بني مهيرة الشرقية
تطاوين,بني مهيرة,قصر عون
تطاوين,بني مهيرة,المرة
تطاوين,بني مهيرة,الرهاش
قبلي,قبلي الجنوبية,قبلي الجنوبية
قبلي,قبلي الجنوبية,بازمة
قبلي,قبلي الجنوبية,جمنة الشمالية
قبلي,قبلي الجنوبية,جمنة الجنوبية
قبلي,قبلي الجنوبية,بشلى
قبلي,قبلي الجنوبية,جرسين
قبلي,قبلي الجنوبية,البليدات
قبلي,قبلي الجنوبية,بني محمد
قبلي,قبلي الجنوبية,جنعورة
قبلي,قبلي الشمالية,قبلي الشمالية
قبلي,قبلي الشمالية,قبلي الشرقية
قبلي,قبلي الشمالية,المنصورة
قبلي,قبلي الشمالية,الرابطة
قبلي,قبلي الشمالية,طنبار
قبلي,قبلي الشمالية,ليماقس- استفطيمية
قبلي,قبلي الشمالية,تلمين
قبلي,قبلي الشمالية,تنبيب
قبلي,قبلي الشمالية,سعيدان
قبلي,قبلي الشمالية,القطعاية
قبلي,سوق الأحد,المنشية
قبلي,سوق الأحد,بوعبدالله
قبلي,سوق الأحد,أم الصمعة
قبلي,سوق الأحد,الزوية
قبلي,سوق الأحد,بشري
قبلي,سوق الأحد,فطناسة
قبلي,سوق الأحد,نقة
قبلي,دوز الشمالية,دوز الشرقية
قبلي,دوز الشمالية,العبادلة
قبلي,دوز الشمالية,القلعة
قبلي,دوز الشمالية,العوينة الشمالية
قبلي,دوز الشمالية,العوينة الجنوبية
قبلي,دوز الجنوبية,دوز الغربية
قبلي,دوز الجنوبية,العذارة
قبلي,دوز الجنوبية,غليسية
قبلي,دوز الجنوبية,نويل الشمالية
قبلي,دوز الجنوبية,نويل الجنوبية
قبلي,الفوار,الصابرية الغربية
قبلي,الفوار,الصابرية الشرقية
قبلي,الفوار,غريب
قبلي,الفوار,بشني الدرجين
قبلي,الفوار,غيدمة
قبلي,رجيم معتوق,رجيم معتوق
قبلي,رجيم معتوق,المطروحة
